,,,"Note that these figures are generated using a formula that protects against any artificial inflation of chart positions.",
Position,"Track Name",Artist,Streams,URL
1,"All Too Well (10 Minute Version) (Taylor's Version) (From The Vault)","Taylor Swift",41903929,https://open.spotify.com/track/5enxwA8aAbwZbf5qCHORXi
2,"Easy On Me",Adele,38781731,https://open.spotify.com/track/0gplL1WMoJ6iYaPgMCL0gX
3,"STAY (with Justin Bieber)","The Kid LAROI",36279512,https://open.spotify.com/track/5PjdY0CKGZdEuoNab3yDmX
4,"INDUSTRY BABY (feat. Jack Harlow)","Lil Nas X",31627834,https://open.spotify.com/track/5Z9KJZvQzH6PFmb8SNkxuk
5,"Cold Heart - PNAU Remix","Elton John",27756566,https://open.spotify.com/track/7rglLriMNBPAyuJOMGwi39
6,"Heat Waves","Glass Animals",26692208,https://open.spotify.com/track/02MWAaffLxlfxAUY7c5dvx
7,Shivers,"Ed Sheeran",25912592,https://open.spotify.com/track/50nfwKoDiSYg8zOCREWAm5
8,"Smokin Out The Window","Bruno Mars",24621720,https://open.spotify.com/track/7sMBvZCSUl99bJLXZaLa0b
9,Pepas,Farruko,22483641,https://open.spotify.com/track/2B4GHvToeLTOBB4QLzW3Ni
10,"Bad Habits","Ed Sheeran",22160452,https://open.spotify.com/track/3rmo8F54jFF8OgYsqTxm5d
11,"Red (Taylor's Version)","Taylor Swift",19661760,https://open.spotify.com/track/4OAuvHryIVv4kMDNSLuPt6
12,MONEY,LISA,19536967,https://open.spotify.com/track/7hU3IHwjX150XLoTVmjD0q
13,"All Too Well (Taylor's Version)","Taylor Swift",19501557,https://open.spotify.com/track/3nsfB1vus2qaloUdcBZvDu
14,"One Right Now (with The Weeknd)","Post Malone",19257873,https://open.spotify.com/track/00Blm7zeNqgYLPtW6zg8cj
15,"My Universe",Coldplay,19007831,https://open.spotify.com/track/46HNZY1i7O6jwTA7Slo2PI
16,Woman,"Doja Cat",18449011,https://open.spotify.com/track/6Uj1ctrBOjOas8xZXGqKk4
17,"Enemy (with JID) - from the series Arcane League of Legends","Imagine Dragons",17630328,https://open.spotify.com/track/1r9xUipOqoNwggBpENDsvJ
18,"Already Dead","Juice WRLD",17452226,https://open.spotify.com/track/7qM1BWAsZMTYh4BcYLb0uQ
19,"love nwantiti (ah ah ah)",CKay,16898265,https://open.spotify.com/track/2Xr1dTzJee307rmrkt8c0g
20,"love nwantiti (feat. Dj Yo! & AX'EL) - Remix",CKay,16496323,https://open.spotify.com/track/4gvrJnKCKIPiacNsWVQwEU
21,"I Knew You Were Trouble (Taylor's Version)","Taylor Swift",15845007,https://open.spotify.com/track/6AtZLIzUINvExIUy4QhdjP
22,"good 4 u","Olivia Rodrigo",15528592,https://open.spotify.com/track/4ZtFanR9U6ndgddUvNcjcG
23,"SAD GIRLZ LUV MONEY Remix (feat. Kali Uchis and Moliy)",Amaarae,15489789,https://open.spotify.com/track/09gysnJpfQ3ublBmJDfcEC
24,Toxic,BoyWithUke,15232594,https://open.spotify.com/track/2gQPv5jvVPqU2a9HhMNO1v
25,"Need to Know","Doja Cat",15208045,https://open.spotify.com/track/3Vi5XqYrmQgOYBajMWSvCi
26,"THATS WHAT I WANT","Lil Nas X",15042092,https://open.spotify.com/track/0e8nrvls4Qqv5Rfa2UhqmO
27,"Nothing New (feat. Phoebe Bridgers) (Taylor’s Version) (From The Vault)","Taylor Swift",14951508,https://open.spotify.com/track/01K4zKU104LyJ8gMb7227B
28,Beggin',Måneskin,14934643,https://open.spotify.com/track/3Wrjm47oTz2sjIgck11l5e
29,"Moth To A Flame (with The Weeknd)","Swedish House Mafia",14782857,https://open.spotify.com/track/2gpWyfu7eZ01zzncHpxOtA
30,"22 (Taylor's Version)","Taylor Swift",14570031,https://open.spotify.com/track/3yII7UwgLF6K5zW3xad3MP
31,"State Of Grace (Taylor's Version)","Taylor Swift",14564495,https://open.spotify.com/track/6lzc0Al0zfZOIFsFvBS1ki
32,"LA FAMA (with The Weeknd)",ROSALÍA,14552083,https://open.spotify.com/track/6dmXZ9B5HdFAyzHeTneYBK
33,"Run (feat. Ed Sheeran) (Taylor’s Version) (From The Vault)","Taylor Swift",14399012,https://open.spotify.com/track/4IQkfUsrwXol38VV3U7t7T
34,"Happier Than Ever","Billie Eilish",14347684,https://open.spotify.com/track/4RVwu0g32PAqgUiJoXsdF8
35,"Kiss Me More (feat. SZA)","Doja Cat",14277349,https://open.spotify.com/track/3DarAbFujv6eYNliUTyqtz
36,"Leave The Door Open","Bruno Mars",14203903,https://open.spotify.com/track/1LPSkqVhWVRUkKE03YUkpB
37,"MONTERO (Call Me By Your Name)","Lil Nas X",13946160,https://open.spotify.com/track/1SC5rEoYDGUK4NfG82494W
38,"Lo Siento BB:/ (with Bad Bunny & Julieta Venegas)",Tainy,13507843,https://open.spotify.com/track/4gzsuuZypVbxs0Af1LSZyB
39,"We Are Never Ever Getting Back Together (Taylor's Version)","Taylor Swift",13326265,https://open.spotify.com/track/5YqltLsjdqFtvqE7Nrysvs
40,"Do It To It",ACRAZE,13278258,https://open.spotify.com/track/20on25jryn53hWghthWWW3
41,"I Bet You Think About Me (feat. Chris Stapleton) (Taylor’s Version) (From The Vault)","Taylor Swift",13011513,https://open.spotify.com/track/4CkgMiMqZ5JzW9iYXSTMTL
42,"Treacherous (Taylor's Version)","Taylor Swift",12923909,https://open.spotify.com/track/3S7HNKPakdwNEBFIVTL6dZ
43,Yonaguni,"Bad Bunny",12734210,https://open.spotify.com/track/2JPLbjOn0wPCngEot2STUS
44,"Life Goes On","Oliver Tree",12727576,https://open.spotify.com/track/0eu4C55hL6x29mmeAjytzC
45,"Blinding Lights","The Weeknd",12609635,https://open.spotify.com/track/0VjIjW4GlUZAMYd2vXMi3b
46,Ghost,"Justin Bieber",12501044,https://open.spotify.com/track/6I3mqTwhRpn34SLVafSH7G
47,"Where Are You Now","Lost Frequencies",12444705,https://open.spotify.com/track/3uUuGVFu1V7jTQL60S1r8z
48,"Meet Me At Our Spot","THE ANXIETY",11840233,https://open.spotify.com/track/07MDkzWARZaLEdKxo6yArG
49,"Message In A Bottle (Taylor's Version) (From The Vault)","Taylor Swift",11757532,https://open.spotify.com/track/3z6XUommYDWPHeFhmhhT6j
50,"Better Man (Taylor's Version) (From The Vault)","Taylor Swift",11640267,https://open.spotify.com/track/4OmFmE0fzcMG6g0Y8p4eSD
51,"I Almost Do (Taylor's Version)","Taylor Swift",11629343,https://open.spotify.com/track/2r9CbjYgFhtAmcFv1cSquB
52,"Better Days (NEIKED x Mae Muller x Polo G)",NEIKED,11492397,https://open.spotify.com/track/6f5ExP43esnvdKPddwKXJH
53,traitor,"Olivia Rodrigo",11287566,https://open.spotify.com/track/5CZ40GBx1sQ9agT82CLQCT
54,"Everything Has Changed (feat. Ed Sheeran) (Taylor’s Version)","Taylor Swift",11063569,https://open.spotify.com/track/7qEUFOVcxRI19tbT68JcYK
55,"I Love You So","The Walters",10924546,https://open.spotify.com/track/4SqWKzw0CbA05TGszDgMlc
56,"Todo De Ti","Rauw Alejandro",10857403,https://open.spotify.com/track/5RwV8BvLfX5injfqYodke9
57,Volví,Aventura,10819046,https://open.spotify.com/track/2vmfvSoZBFAt9hhRoEByLi
58,"The Last Time (feat. Gary Lightbody of Snow Patrol) (Taylor’s Version)","Taylor Swift",10799411,https://open.spotify.com/track/0y6kdSRCVQhSsHSpWvTUm7
59,"Stay Stay Stay (Taylor's Version)","Taylor Swift",10767008,https://open.spotify.com/track/7eQj6r5PIdYKEIZjucBMcq
60,"Levitating (feat. DaBaby)","Dua Lipa",10537900,https://open.spotify.com/track/5nujrmhLynf4yMoMtj8AQF
61,Enchanted,"Taylor Swift",10489161,https://open.spotify.com/track/04S1pkp1VaIqjg8zZqknR5
62,"The Very First Night (Taylor's Version) (From The Vault)","Taylor Swift",10481973,https://open.spotify.com/track/6pYNq0ZwpPVazKzsqpf0G8
63,"Sweater Weather","The Neighbourhood",10456304,https://open.spotify.com/track/2QjOHCTQ1Jl3zawyYOpxh6
64,Nostálgico,Rvssian,10332628,https://open.spotify.com/track/2BEcap3xJtmiPaHKyfQi4e
65,"Overpass Graffiti","Ed Sheeran",10228577,https://open.spotify.com/track/4btFHqumCO31GksfuBLLv3
66,"ESCAPE PLAN","Travis Scott",10183164,https://open.spotify.com/track/4R67rQNSbbsR4TdUVOIdez
67,"Way 2 Sexy (with Future & Young Thug)",Drake,10168699,https://open.spotify.com/track/0k1WUmIRnG3xU6fvvDVfRG
68,"Babe (Taylor's Version) (From The Vault)","Taylor Swift",10093273,https://open.spotify.com/track/0v4z1tuZvn6LGknom9Qx7d
69,"Knife Talk (with 21 Savage ft. Project Pat)",Drake,10088204,https://open.spotify.com/track/2BcMwX1MPV6ZHP4tUT9uq6
70,"Holy Ground (Taylor's Version)","Taylor Swift",9883814,https://open.spotify.com/track/7J4b3LVCIGO4CMBDFLPoP6
71,"Peaches (feat. Daniel Caesar & Giveon)","Justin Bieber",9855551,https://open.spotify.com/track/4iJyoBOLtHqaGxP12qzhQI
72,"Praise God","Kanye West",9770154,https://open.spotify.com/track/0WSEq9Ko4kFPt8yo3ICd6T
73,"Begin Again (Taylor's Version)","Taylor Swift",9744763,https://open.spotify.com/track/05GsNucq8Bngd9fnd4fRa0
74,"Bad Man (Smooth Criminal)","Polo G",9694797,https://open.spotify.com/track/6RfhBNU1FPWTG7VESlfgOl
75,"Save Your Tears (with Ariana Grande) (Remix)","The Weeknd",9606674,https://open.spotify.com/track/37BZB0z9T8Xu7U3e65qxFy
76,"Don't Be Shy",Tiësto,9279382,https://open.spotify.com/track/0bI7K9Becu2dtXK1Q3cZNB
77,"The Feels",TWICE,9233950,https://open.spotify.com/track/1qE8DOtw7zdXHMgZm20eLM
78,"Forever Winter (Taylor's Version) (From The Vault)","Taylor Swift",9225926,https://open.spotify.com/track/3oGVx9RBmiYGv5ZCecWLkx
79,"drivers license","Olivia Rodrigo",9117528,https://open.spotify.com/track/5wANPM4fQCJwkGd4rN57mH
80,"The Lucky One (Taylor's Version)","Taylor Swift",8978635,https://open.spotify.com/track/4e5ayHsOLJNLTGfjau2mEw
81,"Sad Beautiful Tragic (Taylor's Version)","Taylor Swift",8936786,https://open.spotify.com/track/73qMN9bXy7MSPwwGfH3wQr
82,"All I Want for Christmas Is You","Mariah Carey",8932970,https://open.spotify.com/track/0bYg9bo50gSsH3LtXe2SQn
83,"Come Back...Be Here (Taylor's Version)","Taylor Swift",8915317,https://open.spotify.com/track/4pNApnaUWAL2J4KO2eqokq
84,"Watermelon Sugar","Harry Styles",8898906,https://open.spotify.com/track/6UelLqGlWMcVH1E5c4H7lY
85,"Salimo de Noche","Tiago PZK",8842681,https://open.spotify.com/track/6P096SaOzrgGxs8NWOfX7M
86,"The Moment I Knew (Taylor's Version)","Taylor Swift",8750147,https://open.spotify.com/track/0NRHj8hDwwmSPaA41o379r
87,"Starlight (Taylor's Version)","Taylor Swift",8728619,https://open.spotify.com/track/7A2cNLRT0YJc1yjxHlKihs
88,Cúrame,"Rauw Alejandro",8476521,https://open.spotify.com/track/3PwRuzdphgedcWVUOVYJ7I
89,"Esqueça-Me Se For Capaz","Marília Mendonça",8421110,https://open.spotify.com/track/4qsOrxBv09HhNSpsgMRXdC
90,Butter,BTS,8383346,https://open.spotify.com/track/2bgTY4UwhfBYhGT4HUYStN
91,DÁKITI,"Bad Bunny",8315861,https://open.spotify.com/track/4MzXwWMhyBbmu6hOcLVD49
92,"OUT OUT (feat. Charli XCX & Saweetie)","Joel Corry",8291622,https://open.spotify.com/track/6Dy1jexKYriXAVG6evyUTJ
93,Sobrio,Maluma,8269790,https://open.spotify.com/track/4HzqWEdAbzcVFDv0pvxV4w
94,"Blast Off","Bruno Mars",8257659,https://open.spotify.com/track/21afd9hCjpQ6lE5DPbcPHP
95,"Volando - Remix",Mora,8241498,https://open.spotify.com/track/0G2zPzWqVjR68iNPmx2TBe
96,"GHOST TOWN","Benson Boone",8150530,https://open.spotify.com/track/135Lf4Q0CzlMNfOxbEUsLH
97,abcdefu,GAYLE,8120642,https://open.spotify.com/track/4fouWK6XVHhzl78KzQ1UjL
98,"Mon Amour - Remix",zzoilo,8079778,https://open.spotify.com/track/5TMLavqGRKNxgzMBrVpC9R
99,"You Right","Doja Cat",8068855,https://open.spotify.com/track/0k4d5YPDr1r7FX77VdqWez
100,Skate,"Bruno Mars",8048639,https://open.spotify.com/track/71l8BEtJPXXlWbV6hhTHWK
101,"Dark Red","Steve Lacy",8015735,https://open.spotify.com/track/37y7iDayfwm3WXn5BiAoRk
102,"Someone You Loved","Lewis Capaldi",8012008,https://open.spotify.com/track/7qEHsqek33rTcFNT9PFqLf
103,"Fair Trade (with Travis Scott)",Drake,7927581,https://open.spotify.com/track/40iJIUlhi6renaREYGeIDS
104,"Ley Seca","Jhay Cortez",7892412,https://open.spotify.com/track/3JCaq3KDSROg3TXhdiDa9n
105,"Girl At Home (Taylor's Version)","Taylor Swift",7886677,https://open.spotify.com/track/0DMVrlMUn01M0IcpDbwgu7
106,2055,"Sleepy Hallow",7830065,https://open.spotify.com/track/4XvcHTUfIlWfyJTRG0aqlo
107,"Rolling in the Deep",Adele,7776546,https://open.spotify.com/track/6IAZHEBUIGJ6NJKxxOBIEr
108,"Save Your Tears","The Weeknd",7707495,https://open.spotify.com/track/5QO79kh1waicV47BqGRL3g
109,"Fly As Me","Bruno Mars",7680840,https://open.spotify.com/track/7HEWQj82REyDOKMAAlB9pc
110,"Don't Start Now","Dua Lipa",7589600,https://open.spotify.com/track/3PfIrDoz19wz7qK7tYeu62
111,"I WANNA BE YOUR SLAVE",Måneskin,7581034,https://open.spotify.com/track/4pt5fDVTg5GhEvEtlz9dKk
112,"When We Were Young",Adele,7535208,https://open.spotify.com/track/6O5TrlFWTYvznd9fMC0VvU
113,"After Last Night (with Thundercat & Bootsy Collins)","Bruno Mars",7528601,https://open.spotify.com/track/7ozvuHnA1zWzuTvReLChVL
114,"Someone Like You",Adele,7482986,https://open.spotify.com/track/5lkpeJwmQKgY3bX2zChjxX
115,"Take My Breath - Single Version","The Weeknd",7474260,https://open.spotify.com/track/6M3PsepEj5gyJoIi7Xvr7u
116,Índigo,Camilo,7402320,https://open.spotify.com/track/4knc1Fp3kbuq8bH2byOvLu
117,Dynamite,BTS,7400355,https://open.spotify.com/track/4saklk6nie3yiGePpBwUoc
118,"Wildest Dreams (Taylor's Version)","Taylor Swift",7362880,https://open.spotify.com/track/1Ov37jtRQ2YNAe8HzfczkL
119,"SG (with Ozuna, Megan Thee Stallion & LISA of BLACKPINK)","DJ Snake",7308336,https://open.spotify.com/track/6IPNp9PfaEqrzotY47TIWy
120,"Qué Más Pues?","J Balvin",7286235,https://open.spotify.com/track/6D2TCm4nf5nxAcdGJ7w3QP
121,Bored,"Billie Eilish",7264123,https://open.spotify.com/track/04sN26COy28wTXYj3dMoiZ
122,"Get Into It (Yuh)","Doja Cat",7259900,https://open.spotify.com/track/0W6I02J9xcqK8MtSeosEXb
123,"lovely (with Khalid)","Billie Eilish",7222631,https://open.spotify.com/track/0u2P5u6lvoDfwTYjAADbn4
124,"deja vu","Olivia Rodrigo",7213181,https://open.spotify.com/track/6HU7h9RYOaPRFeh0R3UeAr
125,"feel like shit","Tate McRae",7207356,https://open.spotify.com/track/2EBnvom1dTybtm75a3Xh1T
126,"Todo Mundo Menos Você","Marília Mendonça",7148640,https://open.spotify.com/track/053zWWZDziDJd3U94x8RuP
127,"State Of Grace (Acoustic Version) (Taylor's Version)","Taylor Swift",7101663,https://open.spotify.com/track/5jAIouBES8LWMiriuNq170
128,"Mood (feat. iann dior)",24kGoldn,7078341,https://open.spotify.com/track/4jPy3l0RUwlUI9T5XHBW2m
129,"Coração Cachorro","Avine Vinny",7060293,https://open.spotify.com/track/2RGIuYTsyyHoOCqW0krvNE
130,París,Ingratax,7020085,https://open.spotify.com/track/4bF2y8rR7GUjrd5LNEvej3
131,Believer,"Imagine Dragons",6930392,https://open.spotify.com/track/0pqnGHJpmpxLKifKRmU6WP
132,Ameaça,"Paulo Pires",6901176,https://open.spotify.com/track/4fSHADbZbhpZCT9oJpxwbP
133,"edamame (feat. Rich Brian)",bbno$,6882748,https://open.spotify.com/track/5rW7qTn83sCKtqBoneJs63
134,Acapulco,"Jason Derulo",6878016,https://open.spotify.com/track/3eJH2nAjvNXdmPfBkALiPZ
135,"In Da Getto","J Balvin",6844238,https://open.spotify.com/track/1q0PYXTbDsirp2l74ng6pn
136,"Put On A Smile","Bruno Mars",6830572,https://open.spotify.com/track/5U4laaEEChW8FOtZXCu8C7
137,"Love In The Dark",Adele,6804851,https://open.spotify.com/track/0DuWDLjriRPjDRoPgaCslY
138,Freaks,"Surf Curse",6768638,https://open.spotify.com/track/7EkWXAI1wn8Ii883ecd9xr
139,"Jugaste y Sufrí","Eslabon Armado",6757180,https://open.spotify.com/track/3NqBxTOMCJ3zW9CIP51td4
140,"Blank Space","Taylor Swift",6727887,https://open.spotify.com/track/1u8c2t2Cy7UBoG4ArRcF5g
141,GALOPA,"PEDRO SAMPAIO",6711272,https://open.spotify.com/track/2wG1R0uDFwyobcWzVssC1J
142,Sky,"Playboi Carti",6698063,https://open.spotify.com/track/29TPjc8wxfz4XMn21O7VsZ
143,Perfect,"Ed Sheeran",6688588,https://open.spotify.com/track/0tgVpDi06FyKpA1z0VMD4v
144,"Don't Go Yet","Camila Cabello",6687254,https://open.spotify.com/track/1058fW9H3fZA6QjYCdOBad
145,"Happier Than Ever - Edit","Billie Eilish",6663362,https://open.spotify.com/track/32BeYxKPrig1LefHsC0Xuo
146,"Ronan (Taylor's Version)","Taylor Swift",6657410,https://open.spotify.com/track/7nWui6jiMM2m9qFmET1Mtj
147,"family ties (with Kendrick Lamar)","Baby Keem",6649455,https://open.spotify.com/track/3QFInJAm9eyaho5vBzxInN
148,"Before You Go","Lewis Capaldi",6627311,https://open.spotify.com/track/2gMXnyrvIjhVBUZwvLZDMP
149,"Sunflower - Spider-Man: Into the Spider-Verse","Post Malone",6554402,https://open.spotify.com/track/0RiRZpuVRbi7oqRdSMwhQY
150,Bar,TINI,6546405,https://open.spotify.com/track/0lJE8f0lx8mUSfMyxeYpiC
151,"Another Love","Tom Odell",6497909,https://open.spotify.com/track/7jtQIBanIiJOMS6RyCx6jZ
152,"Dance Monkey","Tones And I",6481683,https://open.spotify.com/track/2N8m6CYs74qQO4mjVcXO30
153,"AM Remix","Nio Garcia",6460443,https://open.spotify.com/track/05bfbizlM5AX6Mf1RRyMho
154,Dandelions,"Ruth B.",6441476,https://open.spotify.com/track/2eAvDnpXP5W0cVtiI0PUxV
155,Circles,"Post Malone",6365700,https://open.spotify.com/track/21jGcNKet2qwijlDFuPiPb
156,happier,"Olivia Rodrigo",6330010,https://open.spotify.com/track/2tGvwE8GcFKwNdAXMnlbfl
157,"Ela me Falou Que Quer Rave","MC Levin",6247427,https://open.spotify.com/track/0JdkDCdrhMOaeXjIZdeBXN
158,"Shape of You","Ed Sheeran",6219908,https://open.spotify.com/track/7qiZfU4dY1lWllzX7mPBI3
159,"Last Christmas",Wham!,6197013,https://open.spotify.com/track/2FRnf9qhLbvw8fu4IBXx78
160,"Permission to Dance",BTS,6174593,https://open.spotify.com/track/5eXBXreN3d1zdj6Sa8dS0u
161,"Revoada No Colchão","Zé Felipe",6098473,https://open.spotify.com/track/4kGdnA7FzSVsXC29LPghej
162,"Una Vaina Loca",Fuego,6086979,https://open.spotify.com/track/2qEoAz0i6yEz5dPggABcLH
163,"Astronaut In The Ocean","Masked Wolf",6072449,https://open.spotify.com/track/6E90gq0KO6FYZVOXx8kCcC
164,"The Motto",Tiësto,6068907,https://open.spotify.com/track/18asYwWugKjjsihZ0YvRxO
165,Yellow,Coldplay,6061073,https://open.spotify.com/track/3AJwUDP919kvQ9QcozQPxg
166,"Tiroteo - Remix","Marc Seguí",6055173,https://open.spotify.com/track/4OwhwvKESFtuu06dTgct7i
167,"The Business",Tiësto,6053405,https://open.spotify.com/track/6f3Slt0GbA2bPZlz0aIFXN
168,777,"Bruno Mars",6013201,https://open.spotify.com/track/4zm8xZiV5FxJu62EHEvZaT
169,positions,"Ariana Grande",5998560,https://open.spotify.com/track/35mvY5S1H3J2QZyna3TFe0
170,"Arranhão - Ao Vivo","Henrique & Juliano",5969478,https://open.spotify.com/track/4u06FbRh6FvV2FQZkouzCw
171,goosebumps,"Travis Scott",5927200,https://open.spotify.com/track/6gBFPUFcJLzWGx4lenP6h2
172,Shallow,"Lady Gaga",5874857,https://open.spotify.com/track/2VxeLyX666F8uXCJ0dZF8B
173,"Smells Like Teen Spirit - Remastered",Nirvana,5866254,https://open.spotify.com/track/0gucTLf7trAf37Ua1uAyAu
174,"Lost in the Fire (feat. The Weeknd)",Gesaffelstein,5862373,https://open.spotify.com/track/2vXKRlJBXyOcvZYTdNeckS
175,"Friday (feat. Mufasa & Hypeman) - Dopamine Re-Edit",Riton,5860246,https://open.spotify.com/track/4cG7HUWYHBV6R6tHn1gxrl
176,MAFIA,"Travis Scott",5851155,https://open.spotify.com/track/08F16baYbciTva9P4BvpiI
177,"Talking to the Moon","Bruno Mars",5847503,https://open.spotify.com/track/161DnLWsx1i3u1JT05lzqU
178,RAPSTAR,"Polo G",5843706,https://open.spotify.com/track/18vXApRmJSgQ6wG2ll9AOg
179,Heather,"Conan Gray",5834361,https://open.spotify.com/track/4xqrdfXkTW4T0RauPLv3WA
180,"exile (feat. Bon Iver)","Taylor Swift",5826814,https://open.spotify.com/track/4pvb0WLRcMtbPGmtejJJ6y
181,"you broke me first","Tate McRae",5817775,https://open.spotify.com/track/45bE4HXI0AwGZXfZtMp8JR
182,"Daddy Issues","The Neighbourhood",5794649,https://open.spotify.com/track/5E30LdtzQTGqRvNd7l6kG5
183,"Take Me To Church",Hozier,5773750,https://open.spotify.com/track/3dYD57lRAUcMHufyqn9GcI
184,"All of Me","John Legend",5763196,https://open.spotify.com/track/3U4isOIWM3VvDubwSI3y7a
185,LALISA,LISA,5761819,https://open.spotify.com/track/7uQZVznj0uQOGC9KhV2Mg6
186,Arcade,"Duncan Laurence",5740781,https://open.spotify.com/track/1J14CdDAvBTE1AJYUOwl6C
187,"Leave Before You Love Me (with Jonas Brothers)",Marshmello,5738487,https://open.spotify.com/track/4qu63nuBpdn0qHUHuObEj1
188,"Without Me",Eminem,5732419,https://open.spotify.com/track/7lQ8MOhq6IN2w8EYcFNSUk
189,"Mr. Brightside","The Killers",5711966,https://open.spotify.com/track/003vvx7Niy0yvhvHt4a68B
190,SEJODIOTO,"KAROL G",5678007,https://open.spotify.com/track/704LUEih663hiE3CnyUrFW
191,"Love Again","Dua Lipa",5665129,https://open.spotify.com/track/4rPkN1FMzQyFNP9cLUGIIB
192,"Girls Want Girls (with Lil Baby)",Drake,5656744,https://open.spotify.com/track/37Nqx7iavZpotJSDXZWbJ3
193,"Say You Won't Let Go","James Arthur",5636559,https://open.spotify.com/track/5uCax9HTNlzGybIStD3vDh
194,"Jocelyn Flores",XXXTENTACION,5634231,https://open.spotify.com/track/7m9OqQk4RVRkw9JJdeAw96
195,SCIENTIST,TWICE,5630331,https://open.spotify.com/track/2J0TRU2EDG29qlmxdGa4xa
196,"Careless Whisper","George Michael",5628339,https://open.spotify.com/track/4jDmJ51x1o9NZB5Nxxc7gY
197,"The Nights",Avicii,5616061,https://open.spotify.com/track/0ct6r3EGTcMLPtrXHDvVjc
198,Miénteme,TINI,5599643,https://open.spotify.com/track/0cOa970mzTWAxKtltpkpLc
199,"Counting Stars",OneRepublic,5582878,https://open.spotify.com/track/2tpWsVSb9UEmDRxAl1zhX1
200,"I GUESS I'M IN LOVE","Clinton Kane",5566720,https://open.spotify.com/track/1is8gU4RVcN4J8xItxWoOY
