,,,"Note that these figures are generated using a formula that protects against any artificial inflation of chart positions.",
Position,"Track Name",Artist,Streams,URL
1,"Heat Waves","Glass Animals",31668100,https://open.spotify.com/track/02MWAaffLxlfxAUY7c5dvx
2,abcdefu,GAYLE,28216065,https://open.spotify.com/track/4fouWK6XVHhzl78KzQ1UjL
3,"STAY (with Justin Bieber)","The Kid LAROI",27908239,https://open.spotify.com/track/5PjdY0CKGZdEuoNab3yDmX
4,"Enemy (with JID) - from the series Arcane League of Legends","Imagine Dragons",26745557,https://open.spotify.com/track/1HhNoOuqm1a5MXYEgAFl8o
5,"Cold Heart - PNAU Remix","Elton John",24655316,https://open.spotify.com/track/7rglLriMNBPAyuJOMGwi39
6,"INDUSTRY BABY (feat. Jack Harlow)","Lil Nas X",23241733,https://open.spotify.com/track/5Z9KJZvQzH6PFmb8SNkxuk
7,"Easy On Me",Adele,22633296,https://open.spotify.com/track/46IZ0fSY2mpAiktS3KOqds
8,"We Don't Talk About Bruno","Carolina Gaitán - La Gaita",21589113,https://open.spotify.com/track/52xJxFP6TqMuO4Yt0eOkMz
9,Brividi,Mahmood,20079927,https://open.spotify.com/track/1ZMGp9MTXbtAPvcKa0U3zS
10,Shivers,"Ed Sheeran",19192108,https://open.spotify.com/track/50nfwKoDiSYg8zOCREWAm5
11,Desesperados,"Rauw Alejandro",19067860,https://open.spotify.com/track/6mmPpaltUZK7xjNlBPQQ0p
12,Infinity,"Jaymes Young",17488245,https://open.spotify.com/track/1SOClUWhOi8vHZYMz3GluK
13,"THATS WHAT I WANT","Lil Nas X",17187223,https://open.spotify.com/track/0e8nrvls4Qqv5Rfa2UhqmO
14,Pepas,Farruko,16435977,https://open.spotify.com/track/2B4GHvToeLTOBB4QLzW3Ni
15,Woman,"Doja Cat",16358156,https://open.spotify.com/track/6Uj1ctrBOjOas8xZXGqKk4
16,"pushin P (feat. Young Thug)",Gunna,15838124,https://open.spotify.com/track/3XOalgusokruzA5ZBA2Qcb
17,"Bad Habits","Ed Sheeran",15666423,https://open.spotify.com/track/3rmo8F54jFF8OgYsqTxm5d
18,"Do It To It",ACRAZE,15571783,https://open.spotify.com/track/20on25jryn53hWghthWWW3
19,Ghost,"Justin Bieber",15305656,https://open.spotify.com/track/6I3mqTwhRpn34SLVafSH7G
20,"My Universe",Coldplay,14799916,https://open.spotify.com/track/46HNZY1i7O6jwTA7Slo2PI
21,"I Love You So","The Walters",14526745,https://open.spotify.com/track/4SqWKzw0CbA05TGszDgMlc
22,"good 4 u","Olivia Rodrigo",14204165,https://open.spotify.com/track/4ZtFanR9U6ndgddUvNcjcG
23,"Lo Siento BB:/ (with Bad Bunny & Julieta Venegas)",Tainy,13994116,https://open.spotify.com/track/4gzsuuZypVbxs0Af1LSZyB
24,"Where Are You Now","Lost Frequencies",13861157,https://open.spotify.com/track/3uUuGVFu1V7jTQL60S1r8z
25,"Light Switch","Charlie Puth",13490189,https://open.spotify.com/track/3AVXwaOGCEL8cmBecfcsFJ
26,Yonaguni,"Bad Bunny",13421834,https://open.spotify.com/track/2JPLbjOn0wPCngEot2STUS
27,Cigarettes,"Juice WRLD",13042876,https://open.spotify.com/track/42Xba467wgGvYrR2EE6s0i
28,"The Motto",Tiësto,12559023,https://open.spotify.com/track/18asYwWugKjjsihZ0YvRxO
29,"Kiss Me More (feat. SZA)","Doja Cat",12521774,https://open.spotify.com/track/3DarAbFujv6eYNliUTyqtz
30,"Need to Know","Doja Cat",12392793,https://open.spotify.com/track/3Vi5XqYrmQgOYBajMWSvCi
31,"Surface Pressure - From ""Encanto""/Soundtrack Version","Jessica Darrow",12319818,https://open.spotify.com/track/6K5ph5mq1qprHae3TrgTj5
32,"Blinding Lights","The Weeknd",12213881,https://open.spotify.com/track/0VjIjW4GlUZAMYd2vXMi3b
33,Toxic,BoyWithUke,12139803,https://open.spotify.com/track/2gQPv5jvVPqU2a9HhMNO1v
34,"Sweater Weather","The Neighbourhood",11775476,https://open.spotify.com/track/2QjOHCTQ1Jl3zawyYOpxh6
35,Sacrifice,"The Weeknd",11612734,https://open.spotify.com/track/1nH2PkJL1XoUq8oE6tBZoU
36,"Fingers Crossed","Lauren Spencer-Smith",11493081,https://open.spotify.com/track/3yMC1KsTwh0ceXdIe4QQAQ
37,"Mon Amour - Remix",zzoilo,11257695,https://open.spotify.com/track/5TMLavqGRKNxgzMBrVpC9R
38,traitor,"Olivia Rodrigo",11188023,https://open.spotify.com/track/5CZ40GBx1sQ9agT82CLQCT
39,"Moth To A Flame (with The Weeknd)","Swedish House Mafia",11107141,https://open.spotify.com/track/2gpWyfu7eZ01zzncHpxOtA
40,"Oh My God",Adele,11105085,https://open.spotify.com/track/3Kkjo3cT83cw09VJyrLNwX
41,"MONTERO (Call Me By Your Name)","Lil Nas X",11051590,https://open.spotify.com/track/1SC5rEoYDGUK4NfG82494W
42,Softcore,"The Neighbourhood",11027870,https://open.spotify.com/track/2K7xn816oNHJZ0aVqdQsha
43,"she's all i wanna be","Tate McRae",11010991,https://open.spotify.com/track/0IuVhCflrQPMGRrOyoY5RW
44,"love nwantiti (ah ah ah)",CKay,10904385,https://open.spotify.com/track/2Xr1dTzJee307rmrkt8c0g
45,"Ginseng Strip 2002","Yung Lean",10637693,https://open.spotify.com/track/79nEEoEPY2w8EXj9hjn5oc
46,"Super Gremlin","Kodak Black",10598193,https://open.spotify.com/track/2bBClS4zzrRd4Aj59NaKSv
47,"Levitating (feat. DaBaby)","Dua Lipa",10456842,https://open.spotify.com/track/5nujrmhLynf4yMoMtj8AQF
48,"Do We Have A Problem?","Nicki Minaj",10446446,https://open.spotify.com/track/1PNs0uGru3TcrA94kpyGnc
49,"Happier Than Ever","Billie Eilish",10298513,https://open.spotify.com/track/4RVwu0g32PAqgUiJoXsdF8
50,Beggin',Måneskin,10164502,https://open.spotify.com/track/3Wrjm47oTz2sjIgck11l5e
51,Dandelions,"Ruth B.",10065068,https://open.spotify.com/track/2eAvDnpXP5W0cVtiI0PUxV
52,"drivers license","Olivia Rodrigo",9927448,https://open.spotify.com/track/5wANPM4fQCJwkGd4rN57mH
53,Medallo,Blessd,9850073,https://open.spotify.com/track/6lX6l7OuA3qrnIRfdsr0dw
54,"Tacones Rojos","Sebastian Yatra",9765155,https://open.spotify.com/track/6ylDpki1VpIsc525KC1ojF
55,"TO THE MOON","Jnr Choi",9614884,https://open.spotify.com/track/5vUnjhBzRJJIAOJPde6zDx
56,DÁKITI,"Bad Bunny",9565471,https://open.spotify.com/track/4MzXwWMhyBbmu6hOcLVD49
57,Lost,"Frank Ocean",9561204,https://open.spotify.com/track/1bjhYUwKUHEg5fHknxFObO
58,"Malvadão 3",Xamã,9514569,https://open.spotify.com/track/0NBgyml7T0IvUNbXIkcSpH
59,"Save Your Tears (with Ariana Grande) (Remix)","The Weeknd",9334474,https://open.spotify.com/track/37BZB0z9T8Xu7U3e65qxFy
60,"One Right Now (with The Weeknd)","Post Malone",9244537,https://open.spotify.com/track/00Blm7zeNqgYLPtW6zg8cj
61,"MIDDLE OF THE NIGHT","Elley Duhé",9088598,https://open.spotify.com/track/58HvfVOeJY7lUuCqF0m3ly
62,"Todo De Ti","Rauw Alejandro",8894367,https://open.spotify.com/track/3rdAz1fbUfZxYgaCviYhRo
63,Volví,Aventura,8869565,https://open.spotify.com/track/2vmfvSoZBFAt9hhRoEByLi
64,"Watermelon Sugar","Harry Styles",8692811,https://open.spotify.com/track/6UelLqGlWMcVH1E5c4H7lY
65,"All For Us - from the HBO Original Series Euphoria",Labrinth,8592314,https://open.spotify.com/track/10hMM5nsZQf66ldBlgWBfG
66,MONEY,LISA,8567836,https://open.spotify.com/track/7hU3IHwjX150XLoTVmjD0q
67,Notion,"The Rare Occasions",8561636,https://open.spotify.com/track/0sTlGEld0h8kIPZaKDYUf4
68,Excuses,"AP Dhillon",8500809,https://open.spotify.com/track/29m79w9xPMH4YCD6r8JSmV
69,"The Family Madrigal","Stephanie Beatriz",8453402,https://open.spotify.com/track/4b1yxSdlumA8N4fEk4UOZp
70,Formula,Labrinth,8379503,https://open.spotify.com/track/6EtKlIQmGPB9SX8UjDJG5s
71,"Without Me",Eminem,8215436,https://open.spotify.com/track/7lQ8MOhq6IN2w8EYcFNSUk
72,"Save Your Tears","The Weeknd",8212007,https://open.spotify.com/track/5QO79kh1waicV47BqGRL3g
73,"Tiago PZK: Bzrp Music Sessions, Vol. 48",Bizarrap,8171124,https://open.spotify.com/track/2Gq636OOGgxCTqEuzCZhsa
74,"Dark Red","Steve Lacy",8113797,https://open.spotify.com/track/37y7iDayfwm3WXn5BiAoRk
75,"Down Under (feat. Colin Hay)",Luude,8111043,https://open.spotify.com/track/3Oww84xrmgjyr5J1ilOmAf
76,"Peaches (feat. Daniel Caesar & Giveon)","Justin Bieber",8032713,https://open.spotify.com/track/4iJyoBOLtHqaGxP12qzhQI
77,"I Hate U",SZA,8005275,https://open.spotify.com/track/5dXWFMwD7I7zXsInONVl0H
78,505,"Arctic Monkeys",7968398,https://open.spotify.com/track/58ge6dfP91o9oXMzq3XkIS
79,"Black Summer","Red Hot Chili Peppers",7943927,https://open.spotify.com/track/3a94TbZOxhkI9xuNwYL53b
80,SAOKO,ROSALÍA,7803386,https://open.spotify.com/track/2J3oaXTqKjGGHCOQLeBnBA
81,"deja vu","Olivia Rodrigo",7802827,https://open.spotify.com/track/6HU7h9RYOaPRFeh0R3UeAr
82,Nostálgico,Rvssian,7717066,https://open.spotify.com/track/2BEcap3xJtmiPaHKyfQi4e
83,"It'll Be Okay","Shawn Mendes",7687972,https://open.spotify.com/track/2KnLkZ3z7PO3kgVGHGqDpD
84,"Another Love","Tom Odell",7658179,https://open.spotify.com/track/7jtQIBanIiJOMS6RyCx6jZ
85,"Someone You Loved","Lewis Capaldi",7658075,https://open.spotify.com/track/7qEHsqek33rTcFNT9PFqLf
86,"Sunflower - Spider-Man: Into the Spider-Verse","Post Malone",7640780,https://open.spotify.com/track/0RiRZpuVRbi7oqRdSMwhQY
87,"Volando - Remix",Mora,7544999,https://open.spotify.com/track/0G2zPzWqVjR68iNPmx2TBe
88,"Meet Me At Our Spot","THE ANXIETY",7529452,https://open.spotify.com/track/07MDkzWARZaLEdKxo6yArG
89,Butter,BTS,7445679,https://open.spotify.com/track/1mWdTewIgB3gtBM3TOSFhB
90,"Every Summertime",NIKI,7412617,https://open.spotify.com/track/68HocO7fx9z0MgDU0ZPHro
91,Believer,"Imagine Dragons",7411682,https://open.spotify.com/track/0pqnGHJpmpxLKifKRmU6WP
92,"You Right","Doja Cat",7399950,https://open.spotify.com/track/0k4d5YPDr1r7FX77VdqWez
93,"Don't Start Now","Dua Lipa",7349733,https://open.spotify.com/track/3PfIrDoz19wz7qK7tYeu62
94,Mujeriego,"Ryan Castro",7343544,https://open.spotify.com/track/78kygHp1dvW1kncYjBgbe1
95,"Smokin Out The Window","Bruno Mars",7296137,https://open.spotify.com/track/7sMBvZCSUl99bJLXZaLa0b
96,"lovely (with Khalid)","Billie Eilish",7263788,https://open.spotify.com/track/0u2P5u6lvoDfwTYjAADbn4
97,"The Real Slim Shady",Eminem,7255892,https://open.spotify.com/track/3yfqSUWxFvZELEM4PmlwIR
98,Dynamite,BTS,7197384,https://open.spotify.com/track/5QDLhrAOJJdNAmCTJ8xMyW
99,"love nwantiti (feat. Dj Yo! & AX'EL) - Remix",CKay,7161983,https://open.spotify.com/track/4gvrJnKCKIPiacNsWVQwEU
100,"What Else Can I Do?","Diane Guerrero",7152982,https://open.spotify.com/track/3XoYqtiWHhsk59frZupImG
101,"All Too Well (10 Minute Version) (Taylor's Version) (From The Vault)","Taylor Swift",7138638,https://open.spotify.com/track/5enxwA8aAbwZbf5qCHORXi
102,"Entre Nosotros (Remix) [con Nicki Nicole]","Tiago PZK",7124116,https://open.spotify.com/track/4TGwERXRlyQtBdggYTHo6j
103,Freaks,"Surf Curse",7094010,https://open.spotify.com/track/7EkWXAI1wn8Ii883ecd9xr
104,"Mal Feito - Ao Vivo","Hugo & Guilherme",7093125,https://open.spotify.com/track/5719MEdRQcH4c3phXqX7WN
105,"Better Days (NEIKED x Mae Muller x Polo G)",NEIKED,7071512,https://open.spotify.com/track/6f5ExP43esnvdKPddwKXJH
106,212,Chefin,7024310,https://open.spotify.com/track/3QGxgNaqaFSpORp2OVLXHR
107,"Dos Oruguitas","Sebastian Yatra",6882300,https://open.spotify.com/track/5rohUzwEoRsUvAA1Bf3DLo
108,Swim,"Chase Atlantic",6866524,https://open.spotify.com/track/3M0lSi5WW79CXQamgSBIjx
109,"Daddy Issues","The Neighbourhood",6838651,https://open.spotify.com/track/5E30LdtzQTGqRvNd7l6kG5
110,"Knife Talk (with 21 Savage ft. Project Pat)",Drake,6810100,https://open.spotify.com/track/2BcMwX1MPV6ZHP4tUT9uq6
111,"emo girl (feat. WILLOW)","Machine Gun Kelly",6786243,https://open.spotify.com/track/2AAyBZmMVZSZfgzXRYJOWQ
112,"Ovunque Sarai",Irama,6758439,https://open.spotify.com/track/0hluyTCTSua59xYuIRqpe5
113,"A Tu Merced","Bad Bunny",6727390,https://open.spotify.com/track/4r9jkMEnArtWGH2rL2FZl0
114,"SAD GIRLZ LUV MONEY Remix (feat. Kali Uchis and Moliy)",Amaarae,6703624,https://open.spotify.com/track/09gysnJpfQ3ublBmJDfcEC
115,"Leave The Door Open","Bruno Mars",6699530,https://open.spotify.com/track/1LPSkqVhWVRUkKE03YUkpB
116,"Mood (feat. iann dior)",24kGoldn,6609452,https://open.spotify.com/track/4jPy3l0RUwlUI9T5XHBW2m
117,"Numb Little Bug","Em Beihold",6484539,https://open.spotify.com/track/3o9kpgkIcffx0iSwxhuNI2
118,"Alien Blues",Vundabar,6469759,https://open.spotify.com/track/11iIikXxC6NP0Ma8vMD27x
119,"Don't Be Shy",Tiësto,6456621,https://open.spotify.com/track/0bI7K9Becu2dtXK1Q3cZNB
120,"I AM WOMAN","Emmy Meli",6442042,https://open.spotify.com/track/3nOz1U41SZZ0N3fuUWr9nb
121,"Get Into It (Yuh)","Doja Cat",6437148,https://open.spotify.com/track/0W6I02J9xcqK8MtSeosEXb
122,Thunder,"Gabry Ponte",6431619,https://open.spotify.com/track/2USlegnFJLrVLpoVfPimKB
123,Yellow,Coldplay,6411979,https://open.spotify.com/track/3AJwUDP919kvQ9QcozQPxg
124,"Vai Lá Em Casa Hoje","George Henrique & Rodrigo",6374716,https://open.spotify.com/track/1c4htMHiolERc0YJvZNdlc
125,Doja,$NOT,6311640,https://open.spotify.com/track/3zpGLSQ8QbbUnNjweWPLMD
126,"No Role Modelz","J. Cole",6295809,https://open.spotify.com/track/68Dni7IE4VyPkTOH9mRWHr
127,"Lost in the Fire (feat. The Weeknd)",Gesaffelstein,6273406,https://open.spotify.com/track/2vXKRlJBXyOcvZYTdNeckS
128,"Cayó La Noche (feat. Cruz Cafuné, Abhir Hathi, Bejo, EL IMA) [Remix]","La Pantera",6257730,https://open.spotify.com/track/0Bv7O6fmZk3GrNQFYJaXPn
129,Heather,"Conan Gray",6244692,https://open.spotify.com/track/4xqrdfXkTW4T0RauPLv3WA
130,"Counting Stars",OneRepublic,6240438,https://open.spotify.com/track/2tpWsVSb9UEmDRxAl1zhX1
131,"Locked out of Heaven","Bruno Mars",6211423,https://open.spotify.com/track/5g7sDjBhZ4I3gcFIpkrLuI
132,Perfect,"Ed Sheeran",6209722,https://open.spotify.com/track/0tgVpDi06FyKpA1z0VMD4v
133,"Se Le Ve","Dímelo Flow",6208347,https://open.spotify.com/track/5W1qmxHrMlQGGAiFA3ZQqP
134,"Hrs and Hrs","Muni Long",6207706,https://open.spotify.com/track/3xRH6FPVtheDyNla3T1FE7
135,"LA CANCIÓN","J Balvin",6200472,https://open.spotify.com/track/0fea68AdmYNygeTGI4RC18
136,"'Till I Collapse",Eminem,6127427,https://open.spotify.com/track/4xkOaSrkexMciUUogZKVTS
137,"Talking to the Moon","Bruno Mars",6124435,https://open.spotify.com/track/161DnLWsx1i3u1JT05lzqU
138,Malvada,"Zé Felipe",6113064,https://open.spotify.com/track/7gVzhRCrLRUBEGdS7zNTp0
139,Peru,"Fireboy DML",6046489,https://open.spotify.com/track/4hJhHbkhZFnxmWbAkZRoe0
140,"AM Remix","Nio Garcia",6037137,https://open.spotify.com/track/05bfbizlM5AX6Mf1RRyMho
141,"Blank Space","Taylor Swift",6026503,https://open.spotify.com/track/1u8c2t2Cy7UBoG4ArRcF5g
142,"Lucid Dreams","Juice WRLD",6018964,https://open.spotify.com/track/285pBltuF7vW8TeWk8hdRR
143,"Dance Monkey","Tones And I",6014170,https://open.spotify.com/track/2N8m6CYs74qQO4mjVcXO30
144,"Don't Play That","King Von",6011159,https://open.spotify.com/track/6BczFLHW9aIf9aWn5NFuNL
145,positions,"Ariana Grande",6010851,https://open.spotify.com/track/35mvY5S1H3J2QZyna3TFe0
146,Sobrio,Maluma,6002803,https://open.spotify.com/track/4HzqWEdAbzcVFDv0pvxV4w
147,Problemón,"Alvaro Diaz",5998709,https://open.spotify.com/track/1mSviQV9iQnGSRyvTIuxAj
148,"Shape of You","Ed Sheeran",5982844,https://open.spotify.com/track/7qiZfU4dY1lWllzX7mPBI3
149,"Rolling in the Deep",Adele,5958299,https://open.spotify.com/track/6IAZHEBUIGJ6NJKxxOBIEr
150,High,"The Chainsmokers",5957326,https://open.spotify.com/track/3t4KHjd8uQpJJ2fa0fRIpR
151,"Ciao Ciao","La rappresentante di lista",5933484,https://open.spotify.com/track/0jLeyuu6mtsD384054xLah
152,"No Lie","Sean Paul",5930306,https://open.spotify.com/track/48QmG1dfvMuYLxMPt7KSRA
153,"The Nights",Avicii,5926997,https://open.spotify.com/track/0ct6r3EGTcMLPtrXHDvVjc
154,"Smells Like Teen Spirit - Remastered",Nirvana,5926710,https://open.spotify.com/track/0gucTLf7trAf37Ua1uAyAu
155,"The Business",Tiësto,5923754,https://open.spotify.com/track/6f3Slt0GbA2bPZlz0aIFXN
156,happier,"Olivia Rodrigo",5908553,https://open.spotify.com/track/2tGvwE8GcFKwNdAXMnlbfl
157,"Before You Go","Lewis Capaldi",5891141,https://open.spotify.com/track/2gMXnyrvIjhVBUZwvLZDMP
158,"Salimo de Noche","Tiago PZK",5874773,https://open.spotify.com/track/6P096SaOzrgGxs8NWOfX7M
159,"Why'd You Only Call Me When You're High?","Arctic Monkeys",5866970,https://open.spotify.com/track/48q0vSHcJdhK3IiXH8C5WJ
160,"Ley Seca","Jhay Cortez",5861377,https://open.spotify.com/track/3JCaq3KDSROg3TXhdiDa9n
161,"Polaroid Love",ENHYPEN,5851628,https://open.spotify.com/track/5elW2CKSoqjYoJ32AGDxf1
162,"Life Goes On","Oliver Tree",5843049,https://open.spotify.com/track/0eu4C55hL6x29mmeAjytzC
163,"Bloqueado - Ao Vivo","Gusttavo Lima",5833278,https://open.spotify.com/track/6nkoWsFZeFt5dUdNmlIceh
164,"Gangsta's Paradise",Coolio,5804230,https://open.spotify.com/track/1DIXPcTDzTj8ZMHt3PDt8p
165,"LA FAMA (with The Weeknd)",ROSALÍA,5779917,https://open.spotify.com/track/6dmXZ9B5HdFAyzHeTneYBK
166,"One Dance",Drake,5775969,https://open.spotify.com/track/1zi7xx7UVEFkmKfv06H8x0
167,Circles,"Post Malone",5772791,https://open.spotify.com/track/21jGcNKet2qwijlDFuPiPb
168,"Take Me To Church",Hozier,5766897,https://open.spotify.com/track/3dYD57lRAUcMHufyqn9GcI
169,"Mr. Brightside","The Killers",5762284,https://open.spotify.com/track/003vvx7Niy0yvhvHt4a68B
170,"you broke me first","Tate McRae",5742152,https://open.spotify.com/track/45bE4HXI0AwGZXfZtMp8JR
171,Riptide,"Vance Joy",5741478,https://open.spotify.com/track/7yq4Qj7cqayVTp3FF9CWbm
172,"Still Don't Know My Name",Labrinth,5719164,https://open.spotify.com/track/6N22FZs2ZhPBYi3b9XPajV
173,Payphone,"Maroon 5",5718117,https://open.spotify.com/track/1XGmzt0PVuFgQYYnV2It7A
174,"I WANNA BE YOUR SLAVE",Måneskin,5714594,https://open.spotify.com/track/4pt5fDVTg5GhEvEtlz9dKk
175,"All of Me","John Legend",5707901,https://open.spotify.com/track/3U4isOIWM3VvDubwSI3y7a
176,Sky,"Playboi Carti",5677031,https://open.spotify.com/track/29TPjc8wxfz4XMn21O7VsZ
177,"Mount Everest",Labrinth,5676398,https://open.spotify.com/track/1ZdhOMWyFR8Iv9eylMGYg2
178,"favorite crime","Olivia Rodrigo",5666932,https://open.spotify.com/track/5JCoSi02qi3jJeHdZXMmR8
179,2055,"Sleepy Hallow",5657666,https://open.spotify.com/track/4XvcHTUfIlWfyJTRG0aqlo
180,INSUPERABILE,Rkomi,5648877,https://open.spotify.com/track/0GsZZWhBMIQXAmPYPJ3PRQ
181,farfalle,sangiovanni,5640974,https://open.spotify.com/track/5HujDMiRNqZwEzVAh3oFD3
182,RAPSTAR,"Polo G",5628040,https://open.spotify.com/track/18vXApRmJSgQ6wG2ll9AOg
183,"Space Song","Beach House",5614425,https://open.spotify.com/track/7H0ya83CMmgFcOhw0UB6ow
184,"Say You Won't Let Go","James Arthur",5564148,https://open.spotify.com/track/5uCax9HTNlzGybIStD3vDh
185,Arcade,"Duncan Laurence",5553409,https://open.spotify.com/track/1J14CdDAvBTE1AJYUOwl6C
186,"Ella - Remix",Boza,5529426,https://open.spotify.com/track/7iHHlCbsFou5DZSW5HCPfs
187,Cúrame,"Rauw Alejandro",5529126,https://open.spotify.com/track/1FlL8ycld6uVDDyhV7P5FA
188,"WA DA DA",Kep1er,5526649,https://open.spotify.com/track/0hQNbQKW2dDATH1ngj4TI6
189,"family ties (with Kendrick Lamar)","Baby Keem",5524896,https://open.spotify.com/track/3QFInJAm9eyaho5vBzxInN
190,"Waiting On A Miracle","Stephanie Beatriz",5495312,https://open.spotify.com/track/3oRW9ZGPRbLRMneQ5lwflt
191,Streets,"Doja Cat",5494904,https://open.spotify.com/track/60ynsPSSKe6O3sfwRnIBRf
192,"When I R.I.P.",Labrinth,5477741,https://open.spotify.com/track/2t16D9V5FmmRAJjsSpwvZf
193,Shallow,"Lady Gaga",5469287,https://open.spotify.com/track/2VxeLyX666F8uXCJ0dZF8B
194,"Way 2 Sexy (with Future & Young Thug)",Drake,5468106,https://open.spotify.com/track/0k1WUmIRnG3xU6fvvDVfRG
195,Señorita,"Shawn Mendes",5460581,https://open.spotify.com/track/6v3KW9xbzN5yKLt9YKDYA2
196,Memories,"Maroon 5",5458052,https://open.spotify.com/track/4cktbXiXOapiLBMprHFErI
197,"Is There Someone Else?","The Weeknd",5441664,https://open.spotify.com/track/0mL82sxCRjrs3br407IdJh
198,"Do I Wanna Know?","Arctic Monkeys",5419876,https://open.spotify.com/track/3rq5w4bQGigXOfdN30ATJt
199,"Fair Trade (with Travis Scott)",Drake,5411956,https://open.spotify.com/track/40iJIUlhi6renaREYGeIDS
200,"Friday (feat. Mufasa & Hypeman) - Dopamine Re-Edit",Riton,5406521,https://open.spotify.com/track/4cG7HUWYHBV6R6tHn1gxrl
