,,,"Note that these figures are generated using a formula that protects against any artificial inflation of chart positions.",
Position,"Track Name",Artist,Streams,URL
1,"good 4 u","Olivia Rodrigo",52950021,https://open.spotify.com/track/4ZtFanR9U6ndgddUvNcjcG
2,Beggin',Måneskin,43952453,https://open.spotify.com/track/3Wrjm47oTz2sjIgck11l5e
3,"Todo De Ti","Rauw Alejandro",36334435,https://open.spotify.com/track/5RwV8BvLfX5injfqYodke9
4,"MONTERO (Call Me By Your Name)","Lil Nas X",35528157,https://open.spotify.com/track/67BtfxlNbhBmCDR2L2l8qd
5,Yonaguni,"Bad Bunny",34494324,https://open.spotify.com/track/2JPLbjOn0wPCngEot2STUS
6,"Kiss Me More (feat. SZA)","Doja Cat",34489940,https://open.spotify.com/track/3DarAbFujv6eYNliUTyqtz
7,"Bad Habits","Ed Sheeran",33871349,https://open.spotify.com/track/6PQ88X9TkUIAUIZJHW2upE
8,"Levitating (feat. DaBaby)","Dua Lipa",27382789,https://open.spotify.com/track/5nujrmhLynf4yMoMtj8AQF
9,"I WANNA BE YOUR SLAVE",Måneskin,26695148,https://open.spotify.com/track/4pt5fDVTg5GhEvEtlz9dKk
10,Butter,BTS,25383416,https://open.spotify.com/track/2bgTY4UwhfBYhGT4HUYStN
11,"Qué Más Pues?","J Balvin",25159666,https://open.spotify.com/track/6hf0RpxTbOprT5nnwzkk8e
12,"Peaches (feat. Daniel Caesar & Giveon)","Justin Bieber",24928005,https://open.spotify.com/track/4iJyoBOLtHqaGxP12qzhQI
13,"deja vu","Olivia Rodrigo",24878497,https://open.spotify.com/track/6HU7h9RYOaPRFeh0R3UeAr
14,"AM Remix","Nio Garcia",23435409,https://open.spotify.com/track/05bfbizlM5AX6Mf1RRyMho
15,"You Right","Doja Cat",22992708,https://open.spotify.com/track/0k4d5YPDr1r7FX77VdqWez
16,"Save Your Tears (with Ariana Grande) (Remix)","The Weeknd",21101778,https://open.spotify.com/track/37BZB0z9T8Xu7U3e65qxFy
17,traitor,"Olivia Rodrigo",20156744,https://open.spotify.com/track/5CZ40GBx1sQ9agT82CLQCT
18,happier,"Olivia Rodrigo",19334352,https://open.spotify.com/track/2tGvwE8GcFKwNdAXMnlbfl
19,"Astronaut In The Ocean","Masked Wolf",18447223,https://open.spotify.com/track/0BGwAKW4u8kWOhWFflZxfl
20,"drivers license","Olivia Rodrigo",18357809,https://open.spotify.com/track/5wANPM4fQCJwkGd4rN57mH
21,"Leave The Door Open","Bruno Mars",17813403,https://open.spotify.com/track/7MAibcTli4IisCtbHKrGMh
22,"WUSYANAME (feat. Youngboy Never Broke Again & Ty Dolla $ign)","Tyler, The Creator",17225337,https://open.spotify.com/track/5B0kgjHULYJhAQkK5XsMoC
23,"Friday (feat. Mufasa & Hypeman) - Dopamine Re-Edit",Riton,16657008,https://open.spotify.com/track/4cG7HUWYHBV6R6tHn1gxrl
24,"Pareja Del Año","Sebastian Yatra",16062088,https://open.spotify.com/track/2rCbl9naJYhaxjLsfx88uM
25,"Blinding Lights","The Weeknd",15655365,https://open.spotify.com/track/0VjIjW4GlUZAMYd2vXMi3b
26,RAPSTAR,"Polo G",15294057,https://open.spotify.com/track/18vXApRmJSgQ6wG2ll9AOg
27,"Build a Bitch","Bella Poarch",15043897,https://open.spotify.com/track/7BoobGhD4x5K96Me0hqC8Q
28,"favorite crime","Olivia Rodrigo",14979439,https://open.spotify.com/track/5JCoSi02qi3jJeHdZXMmR8
29,"Fiel - Remix",Wisin,13822347,https://open.spotify.com/track/43qcs9NpJhDxtG91zxFkj7
30,DÁKITI,"Bad Bunny",13404643,https://open.spotify.com/track/4MzXwWMhyBbmu6hOcLVD49
31,"ZITTI E BUONI",Måneskin,13299872,https://open.spotify.com/track/776AftMmFFAWUIEAb3lHhw
32,"Watermelon Sugar","Harry Styles",12752090,https://open.spotify.com/track/6UelLqGlWMcVH1E5c4H7lY
33,Dinero,"Trinidad Cardona",12653925,https://open.spotify.com/track/3ggtU1ZOKO8ZNiqPNyXGcm
34,"Heat Waves","Glass Animals",12648728,https://open.spotify.com/track/02MWAaffLxlfxAUY7c5dvx
35,Dynamite,BTS,12357099,https://open.spotify.com/track/4saklk6nie3yiGePpBwUoc
36,2/Catorce,"Rauw Alejandro",12343665,https://open.spotify.com/track/0PwFN7vRvY80Hnkoew2x3f
37,"Poblado - Remix","J Balvin",12210925,https://open.spotify.com/track/1WedZeiezCmCEOzLwhx0hV
38,"jealousy, jealousy","Olivia Rodrigo",12140713,https://open.spotify.com/track/0MMyJUC3WNnFS1lit5pTjk
39,brutal,"Olivia Rodrigo",12137501,https://open.spotify.com/track/6SRsiMl7w1USE4mFqrOhHC
40,"JUGGERNAUT (feat. Lil Uzi Vert & Pharrell Williams)","Tyler, The Creator",12035752,https://open.spotify.com/track/7z4xW9WY86uH3gd1V9pfCM
41,"Beautiful Mistakes (feat. Megan Thee Stallion)","Maroon 5",12009843,https://open.spotify.com/track/5zFglKYiknIxks8geR8rcL
42,"Ain't Shit","Doja Cat",11766787,https://open.spotify.com/track/5lAnYvAIkSDNXqfo7DyFUm
43,LUMBERJACK,"Tyler, The Creator",11756283,https://open.spotify.com/track/0BiK5BbYNFLb88CCOxBFJe
44,"The Business",Tiësto,11567574,https://open.spotify.com/track/6f3Slt0GbA2bPZlz0aIFXN
45,Rasputin,Majestic,11541891,https://open.spotify.com/track/0b18g3G5spr4ZCkz7Y6Q0Q
46,"Heartbreak Anniversary",Giveon,11408608,https://open.spotify.com/track/3FAJ6O0NOHQV8Mc5Ri6ENp
47,"LEMONHEAD (feat. 42 Dugg)","Tyler, The Creator",11380679,https://open.spotify.com/track/5fbHRCsGpFIOLRtlhCRFDR
48,"Your Love (9PM)",ATB,10750922,https://open.spotify.com/track/5YaskwnGDZFDRipaqzbwQx
49,"Mood (feat. iann dior)",24kGoldn,10658988,https://open.spotify.com/track/4jPy3l0RUwlUI9T5XHBW2m
50,"Need to Know","Doja Cat",10643114,https://open.spotify.com/track/3Vi5XqYrmQgOYBajMWSvCi
51,Fiel,"Los Legendarios",10486514,https://open.spotify.com/track/7Bk0uXKk1uPT0XuQbpFzvs
52,"Thot Shit","Megan Thee Stallion",10457590,https://open.spotify.com/track/5zNW5ARjYhJQJz1AChP33n
53,"Save Your Tears","The Weeknd",10252981,https://open.spotify.com/track/5QO79kh1waicV47BqGRL3g
54,Miénteme,TINI,10199235,https://open.spotify.com/track/0cOa970mzTWAxKtltpkpLc
55,"I Don't Do Drugs (feat. Ariana Grande)","Doja Cat",10082487,https://open.spotify.com/track/0FFsgUoFibYISzMxuGS61W
56,telepatía,"Kali Uchis",10070109,https://open.spotify.com/track/6tDDoYIxWvMLTdKpjFkc1B
57,"EL MAKINON","KAROL G",10044231,https://open.spotify.com/track/2FSGUA0gFgGeQdprjtGM2M
58,"Wants and Needs (feat. Lil Baby)",Drake,9987038,https://open.spotify.com/track/65OVbaJR5O1RmwOQx0875b
59,"HOT WIND BLOWS (feat. Lil Wayne)","Tyler, The Creator",9889197,https://open.spotify.com/track/3JJL91ilRV6fXhKqu0FGXs
60,"Heartbreak Anthem (with David Guetta & Little Mix)",Galantis,9836054,https://open.spotify.com/track/5K6Ssv4Z3zRvxt0P6EKUAP
61,"Don't Start Now","Dua Lipa",9791041,https://open.spotify.com/track/3PfIrDoz19wz7qK7tYeu62
62,"Botella Tras Botella","Gera MX",9519146,https://open.spotify.com/track/2MnLkFqY9Rpg9s3Zv6ZJdK
63,CORSO,"Tyler, The Creator",9503981,https://open.spotify.com/track/46oHvXwpEZOFX518we1nJD
64,"Goosebumps - Remix","Travis Scott",9468625,https://open.spotify.com/track/5uEYRdEIh9Bo4fpjDd4Na9
65,"Leave Before You Love Me (with Jonas Brothers)",Marshmello,9379806,https://open.spotify.com/track/4qu63nuBpdn0qHUHuObEj1
66,Run,OneRepublic,9315746,https://open.spotify.com/track/2UbVnbE5FH6008mAm6Mmgw
67,AM,"Nio Garcia",9237601,https://open.spotify.com/track/2dNhNlpZAtV4lwAFW45LIv
68,"t r a n s p a r e n t s o u l feat. Travis Barker",WILLOW,9159449,https://open.spotify.com/track/1QL7nSDZCwZMnbisV4KOXt
69,"SWEET / I THOUGHT YOU WANTED TO DANCE (feat. Brent Faiyaz & Fana Hues)","Tyler, The Creator",9142721,https://open.spotify.com/track/3EG9FJ0ToLfgnc1IG2Z1wz
70,"Someone You Loved","Lewis Capaldi",9051595,https://open.spotify.com/track/7qEHsqek33rTcFNT9PFqLf
71,Arcade,"Duncan Laurence",9003518,https://open.spotify.com/track/1J14CdDAvBTE1AJYUOwl6C
72,"Ramenez la coupe à la maison",Vegedream,8980765,https://open.spotify.com/track/1m0UFnuTktOkksvjbF9z0m
73,"SIR BAUDELAIRE (feat. DJ Drama)","Tyler, The Creator",8884283,https://open.spotify.com/track/4ydmav4vl7hebadtfZtMrg
74,"Hold On","Justin Bieber",8866560,https://open.spotify.com/track/1nahzW3kfMuwReTka28tH5
75,"Lost Cause","Billie Eilish",8648989,https://open.spotify.com/track/2xdwCJLfKCkat14mlgR26M
76,"enough for you","Olivia Rodrigo",8633382,https://open.spotify.com/track/2TOzTqQXNmR2zDJXihjZ2e
77,BED,"Joel Corry",8471452,https://open.spotify.com/track/0siYMEsGrzzzlWLXK5zJfS
78,Freaks,"Surf Curse",8413024,https://open.spotify.com/track/7EkWXAI1wn8Ii883ecd9xr
79,"Sweater Weather","The Neighbourhood",8383533,https://open.spotify.com/track/2QjOHCTQ1Jl3zawyYOpxh6
80,"Sal y Perrea",Sech,8287687,https://open.spotify.com/track/5u7twkeask1VIyDeNTElSU
81,"Head & Heart (feat. MNEK)","Joel Corry",8259946,https://open.spotify.com/track/6cx06DFPPHchuUAcTxznu9
82,MASSA,"Tyler, The Creator",8218423,https://open.spotify.com/track/2goHCrsDJaflEwQ930ef0o
83,512,Mora,7952489,https://open.spotify.com/track/5jzEwSyyymBlf1fa1o39T2
84,"Dance Monkey","Tones And I",7950502,https://open.spotify.com/track/1rgnBhdG2JDFTbYkYRZAku
85,"RUNITUP (feat. Teezo Touchdown)","Tyler, The Creator",7917707,https://open.spotify.com/track/13HsOwrwTA5HgLuoaDHncP
86,Up,"Cardi B",7875498,https://open.spotify.com/track/1M4OcYkxAtu3ErzSgDEfoi
87,"Ram Pam Pam","Natti Natasha",7847681,https://open.spotify.com/track/4DHDIdeayp8xvlyg22wREO
88,"WITHOUT YOU","The Kid LAROI",7821663,https://open.spotify.com/track/27OeeYzk6klgBh83TSvGMA
89,"LA NOCHE DE ANOCHE","Bad Bunny",7718293,https://open.spotify.com/track/2XIc1pqjXV3Cr2BQUGNBck
90,"Iko Iko (My Bestie)","Justin Wellington",7693045,https://open.spotify.com/track/7MC4XR9M9amdmKQr2iDF7i
91,Bandido,"Myke Towers",7689503,https://open.spotify.com/track/1xK1Gg9SxG8fy2Ya373oqb
92,"We're Good","Dua Lipa",7538766,https://open.spotify.com/track/1diS6nkxMQc3wwC4G1j0bh
93,"Body (Remix) [feat. ArrDee, E1 (3x3), ZT (3x3), Bugzy Malone, Buni, Fivio Foreign & Darkoo]","Tion Wayne",7531845,https://open.spotify.com/track/6uvMKqNlrSvcC4NaKnrwjZ
94,"1 step forward, 3 steps back","Olivia Rodrigo",7501559,https://open.spotify.com/track/4wcBRRpIfesgcyUtis7PEg
95,"Talking to the Moon","Bruno Mars",7500068,https://open.spotify.com/track/161DnLWsx1i3u1JT05lzqU
96,Levitating,"Dua Lipa",7428117,https://open.spotify.com/track/39LLxExYz6ewLAcYrzQQyP
97,911,Sech,7416234,https://open.spotify.com/track/2p2Q23iaaPSEa1tI6TsCVX
98,positions,"Ariana Grande",7304430,https://open.spotify.com/track/35mvY5S1H3J2QZyna3TFe0
99,Streets,"Doja Cat",7299683,https://open.spotify.com/track/60ynsPSSKe6O3sfwRnIBRf
100,"Best Friend (feat. Doja Cat)",Saweetie,7296645,https://open.spotify.com/track/20BOju91NaEFK5Py4VJ2pp
101,Circles,"Post Malone",7155206,https://open.spotify.com/track/21jGcNKet2qwijlDFuPiPb
102,"ROCKSTAR (feat. Roddy Ricch)",DaBaby,7149778,https://open.spotify.com/track/7ytR5pFWmSjzHJIeQkgog4
103,"Before You Go","Lewis Capaldi",7085827,https://open.spotify.com/track/2gMXnyrvIjhVBUZwvLZDMP
104,"Lemonade (feat. Gunna, Don Toliver & NAV)","Internet Money",7070855,https://open.spotify.com/track/7hxHWCCAIIxFLCzvDgnQHX
105,Sommergewitter,Pashanim,7052544,https://open.spotify.com/track/2H7jZg2HliuQhZjfBblLrZ
106,"Roses - Imanbek Remix","SAINt JHN",7049034,https://open.spotify.com/track/0zLCBJZSiELJf02ucPP9wb
107,Woman,"Doja Cat",7003013,https://open.spotify.com/track/6Uj1ctrBOjOas8xZXGqKk4
108,"MANIFESTO (feat. Domo Genesis)","Tyler, The Creator",6988886,https://open.spotify.com/track/6qouBO0wJtYc3k7DfKRUBx
109,"2:50 Remix",MYA,6979553,https://open.spotify.com/track/74znaWw1hmQBusGPSOuTFy
110,Runaway,AURORA,6947080,https://open.spotify.com/track/1v1oIWf2Xgh54kIWuKsDf6
111,"Solar Power",Lorde,6937591,https://open.spotify.com/track/3KdoeNlEN0BoAKWzaRLNZa
112,"Shape of You","Ed Sheeran",6861030,https://open.spotify.com/track/7qiZfU4dY1lWllzX7mPBI3
113,Believer,"Imagine Dragons",6754223,https://open.spotify.com/track/0pqnGHJpmpxLKifKRmU6WP
114,"you broke me first","Tate McRae",6729678,https://open.spotify.com/track/45bE4HXI0AwGZXfZtMp8JR
115,"late at night","Roddy Ricch",6688688,https://open.spotify.com/track/1fxYz1s15pyZLsJT0Hdh1m
116,"lovely (with Khalid)","Billie Eilish",6654350,https://open.spotify.com/track/0u2P5u6lvoDfwTYjAADbn4
117,"Baila Conmigo (with Rauw Alejandro)","Selena Gomez",6632485,https://open.spotify.com/track/079Ey5uxL04AKPQgVQwx5h
118,"By Your Side (feat. Tom Grennan)","Calvin Harris",6615783,https://open.spotify.com/track/0vR2rIVORmgeKiGIgNT0fV
119,"Cover Me In Sunshine",P!nk,6599328,https://open.spotify.com/track/0UKUfxIkDAMZz7hMdiVX3m
120,34+35,"Ariana Grande",6571682,https://open.spotify.com/track/6Im9k8u9iIzKMrmV7BWtlF
121,"Get Into It (Yuh)","Doja Cat",6503281,https://open.spotify.com/track/0W6I02J9xcqK8MtSeosEXb
122,"Sunflower - Spider-Man: Into the Spider-Verse","Post Malone",6482039,https://open.spotify.com/track/0RiRZpuVRbi7oqRdSMwhQY
123,"Little Bit of Love","Tom Grennan",6473757,https://open.spotify.com/track/3Iba59sFmGhQ4kbCY5L8AX
124,"Another Love","Tom Odell",6462002,https://open.spotify.com/track/7jtQIBanIiJOMS6RyCx6jZ
125,Perfect,"Ed Sheeran",6447541,https://open.spotify.com/track/0tgVpDi06FyKpA1z0VMD4v
126,"Calling My Phone","Lil Tjay",6379164,https://open.spotify.com/track/3J8EOeKLTLXORtWPpOU5bE
127,Alcohol-Free,TWICE,6377625,https://open.spotify.com/track/3iPbmpKBMflYd7UjdYftoj
128,"Miss The Rage (feat. Playboi Carti)","Trippie Redd",6377395,https://open.spotify.com/track/2BITQ360Knh6qNAOqR7Dyq
129,Señorita,"Shawn Mendes",6338160,https://open.spotify.com/track/6v3KW9xbzN5yKLt9YKDYA2
130,Heather,"Conan Gray",6323523,https://open.spotify.com/track/4xqrdfXkTW4T0RauPLv3WA
131,Holiday,KSI,6305702,https://open.spotify.com/track/6nV2dFZXpv1JlqDWBeTXRl
132,WILSHIRE,"Tyler, The Creator",6268542,https://open.spotify.com/track/1pbbsI2KGPOMu0HmuGccBu
133,"Red Light Green Light",DaBaby,6257739,https://open.spotify.com/track/1YDebgap5OFwXEBG18NJvy
134,Loco,"Justin Quiles",6242501,https://open.spotify.com/track/6PDlkWmrq2ZKiUuFt2aQsH
135,Memories,"Maroon 5",6182738,https://open.spotify.com/track/4cktbXiXOapiLBMprHFErI
136,Bipolar,"Mc Davi",6180759,https://open.spotify.com/track/0qxLQ6opocOGyFnlXqJ53x
137,"hope ur ok","Olivia Rodrigo",6168190,https://open.spotify.com/track/1zejeOnykpCoyVSit6Bwp3
138,"Paradise (feat. Dermot Kennedy)",MEDUZA,6159898,https://open.spotify.com/track/6ft4hAq6yde8jPZY2i5zLr
139,"Wasted Love (feat. Lagique)",Ofenbach,6072066,https://open.spotify.com/track/2pPO9YecZimmuVQfIzfV6U
140,"Daddy Issues","The Neighbourhood",6036293,https://open.spotify.com/track/5E30LdtzQTGqRvNd7l6kG5
141,"RISE! (feat. DAISY WORLD)","Tyler, The Creator",6034281,https://open.spotify.com/track/4Hta7Oy5W9HD0UgT1P8PPV
142,"bad guy","Billie Eilish",6027506,https://open.spotify.com/track/2Fxmhks0bxGSBdJ92vM42m
143,Riptide,"Vance Joy",5966250,https://open.spotify.com/track/7yq4Qj7cqayVTp3FF9CWbm
144,"Não, Não Vou","Mari Fernandez",5956872,https://open.spotify.com/track/0xBQvhJAm6f7J142ympKOn
145,goosebumps,"Travis Scott",5949728,https://open.spotify.com/track/6gBFPUFcJLzWGx4lenP6h2
146,"Take Me To Church",Hozier,5902213,https://open.spotify.com/track/3dYD57lRAUcMHufyqn9GcI
147,"WAP (feat. Megan Thee Stallion)","Cardi B",5838503,https://open.spotify.com/track/4Oun2ylbjFKMPTiaSbbCih
148,Shallow,"Lady Gaga",5813540,https://open.spotify.com/track/2VxeLyX666F8uXCJ0dZF8B
149,"No Me Conocen (Remix) [con DUKI, Rei & Tiago PZK]",BANDIDO,5777608,https://open.spotify.com/track/7COGuXyTr12KvdaYXMqheC
150,"Tell Em",Cochise,5773986,https://open.spotify.com/track/7nc7mlSdWYeFom84zZ8Wr8
151,"Dick (feat. Doja Cat)",StarBoi3,5748104,https://open.spotify.com/track/3nY8AqaMNNHHLYV4380ol0
152,"All Eyes On Me","Bo Burnham",5725908,https://open.spotify.com/track/3rV5y8rcQrwRt9fWGLmjOQ
153,"Volta Bebê, Volta Neném","Dj Guuga",5715210,https://open.spotify.com/track/4wQUopWk9Ed7Ng5qpKN5qd
154,"Bohemian Rhapsody - Remastered 2011",Queen,5712517,https://open.spotify.com/track/4u7EnebtmKWzUH433cf5Qv
155,"The Nights",Avicii,5685089,https://open.spotify.com/track/0ct6r3EGTcMLPtrXHDvVjc
156,"Lucid Dreams","Juice WRLD",5685030,https://open.spotify.com/track/285pBltuF7vW8TeWk8hdRR
157,Hawái,Maluma,5669837,https://open.spotify.com/track/1yoMvmasuxZfqHEipJhRbp
158,"Your Power","Billie Eilish",5622775,https://open.spotify.com/track/5qNh5WtzMbfpSj2jLlBkoD
159,"Say You Won't Let Go","James Arthur",5609227,https://open.spotify.com/track/5uCax9HTNlzGybIStD3vDh
160,"Good Days",SZA,5595721,https://open.spotify.com/track/3YJJjQPAbDT7mGpX3WtQ9A
161,"Adore You","Harry Styles",5588098,https://open.spotify.com/track/3jjujdWJ72nww5eGnfs2E7
162,malibu,sangiovanni,5584271,https://open.spotify.com/track/01hEpx8jnOG4q7nDK14Rhi
163,"Follow You","Imagine Dragons",5552962,https://open.spotify.com/track/7FdUvDkaE24o3FPIWTvzv2
164,"Dreams - 2004 Remaster","Fleetwood Mac",5552660,https://open.spotify.com/track/0ofHAoxe9vBkTCp2UQIavz
165,Naked,"Doja Cat",5527865,https://open.spotify.com/track/0CsR9Y9SnC6ZWmekmVqSHz
166,"Wake Me Up",Avicii,5523703,https://open.spotify.com/track/0nrRP2bk19rLc0orkWPQk2
167,"Counting Stars",OneRepublic,5516328,https://open.spotify.com/track/2tpWsVSb9UEmDRxAl1zhX1
168,"Meu Pedaço de Pecado","João Gomes",5513118,https://open.spotify.com/track/5dApIvFnEdEx0PZvPJF22d
169,Yellow,Coldplay,5511725,https://open.spotify.com/track/3AJwUDP919kvQ9QcozQPxg
170,Aloha,Maluma,5492883,https://open.spotify.com/track/5RAIMjdrCEjpjaR5tBATXU
171,"death bed (coffee for your head)",Powfu,5489681,https://open.spotify.com/track/7eJMfftS33KTjuF7lTsMCx
172,Reloj,"Rauw Alejandro",5440147,https://open.spotify.com/track/4loQgPwJHocL3dFwLfjb1J
173,"Having Our Way (feat. Drake)",Migos,5424579,https://open.spotify.com/track/2NM0qHzx4Ohy8iXHEEgwlO
174,"What You Know Bout Love","Pop Smoke",5404199,https://open.spotify.com/track/1tkg4EHVoqnhR6iFEXb60y
175,"Martin & Gina","Polo G",5404047,https://open.spotify.com/track/1VLtjHwRWOVJiE5Py7JxoQ
176,"Payday (feat. Young Thug)","Doja Cat",5393789,https://open.spotify.com/track/2HolBGR6tpiWI80MXoV1dJ
177,"For The Night (feat. Lil Baby & DaBaby)","Pop Smoke",5376619,https://open.spotify.com/track/0PvFJmanyNQMseIFrU708S
178,"Smells Like Teen Spirit",Nirvana,5364993,https://open.spotify.com/track/1f3yAtsJtY87CTmM8RLnxf
179,"Been Like This","Doja Cat",5362817,https://open.spotify.com/track/7y3xU9vEC1s8DSuuoSYKih
180,"Baby Me Atende","Matheus Fernandes",5344844,https://open.spotify.com/track/5R9KPXQVeyqsHZoPLMgfNy
181,"MILLE – feat. Orietta Berti",Fedez,5341887,https://open.spotify.com/track/6qdMhG7pRFi0csRlFGvLE4
182,"Breaking Me",Topic,5339418,https://open.spotify.com/track/3H7ihDc1dqLriiWXwsc2po
183,"Não Nasceu pra Namorar","MC Zaquin",5298363,https://open.spotify.com/track/6pQKUKBpwr6GhfhcFFFozo
184,"Mr. Brightside","The Killers",5291212,https://open.spotify.com/track/003vvx7Niy0yvhvHt4a68B
185,"Every Breath You Take","The Police",5277267,https://open.spotify.com/track/1JSTJqkT5qHq8MDJnJbRE1
186,Reckless,"Madison Beer",5273201,https://open.spotify.com/track/5ajjAnNRh8bxFvaVHzpPjh
187,"Our Song",Anne-Marie,5262335,https://open.spotify.com/track/5zqObw7wjBgL9TDiAymxPn
188,Whoopty,CJ,5241762,https://open.spotify.com/track/1t9WgS8FN0534tLBRwbaxO
189,"Eladio Carrion: Bzrp Music Sessions, Vol. 40",Bizarrap,5228489,https://open.spotify.com/track/1VauUM5CBX7nkLcgafQL2B
190,"All of Me","John Legend",5215412,https://open.spotify.com/track/3U4isOIWM3VvDubwSI3y7a
191,"One Dance",Drake,5206130,https://open.spotify.com/track/1zi7xx7UVEFkmKfv06H8x0
192,"UN DIA (ONE DAY) (Feat. Tainy)","J Balvin",5203364,https://open.spotify.com/track/0EhpEsp4L0oRGM0vmeaN5e
193,"Another One Bites The Dust - Remastered 2011",Queen,5154842,https://open.spotify.com/track/5vdp5UmvTsnMEMESIF2Ym7
194,"Prisoner (feat. Dua Lipa)","Miley Cyrus",5146932,https://open.spotify.com/track/2Oycxb8QbPkpHTo8ZrmG0B
195,"Ride It",Regard,5146326,https://open.spotify.com/track/2tnVG71enUj33Ic2nFN6kZ
196,"7 rings","Ariana Grande",5141668,https://open.spotify.com/track/6ocbgoVGwYJhOv1GgI9NsF
197,"His & Hers (feat. Don Toliver, Lil Uzi Vert & Gunna)","Internet Money",5137776,https://open.spotify.com/track/2IePEfMAtqWS6rLXXFZIgI
198,"Savage Love (Laxed - Siren Beat)","Jawsh 685",5108950,https://open.spotify.com/track/1xQ6trAsedVPCdbtDAmk0c
199,"Batom de Cereja - Ao Vivo","Israel & Rodolffo",5108735,https://open.spotify.com/track/2MZQAvsA7aZDssppBLRxYp
200,"Me Fije","Alex Rose",5104374,https://open.spotify.com/track/6Et5KimMg3IXwD6lJPGmQw
