,,,"Note that these figures are generated using a formula that protects against any artificial inflation of chart positions.",
Position,"Track Name",Artist,Streams,URL
1,Beggin',Måneskin,51365875,https://open.spotify.com/track/3Wrjm47oTz2sjIgck11l5e
2,"STAY (with Justin Bieber)","The Kid LAROI",44889152,https://open.spotify.com/track/5HCyWlXZPP0y6Gqq8TgA20
3,"good 4 u","Olivia Rodrigo",44027552,https://open.spotify.com/track/4ZtFanR9U6ndgddUvNcjcG
4,"Bad Habits","Ed Sheeran",38983802,https://open.spotify.com/track/6PQ88X9TkUIAUIZJHW2upE
5,"Kiss Me More (feat. SZA)","Doja Cat",30080808,https://open.spotify.com/track/3DarAbFujv6eYNliUTyqtz
6,"MONTERO (Call Me By Your Name)","Lil Nas X",29788400,https://open.spotify.com/track/67BtfxlNbhBmCDR2L2l8qd
7,"Todo De Ti","Rauw Alejandro",29554347,https://open.spotify.com/track/5RwV8BvLfX5injfqYodke9
8,Yonaguni,"Bad Bunny",27446234,https://open.spotify.com/track/2JPLbjOn0wPCngEot2STUS
9,"I WANNA BE YOUR SLAVE",Måneskin,26540253,https://open.spotify.com/track/4pt5fDVTg5GhEvEtlz9dKk
10,"Permission to Dance",BTS,26475195,https://open.spotify.com/track/0LThjFY2iTtNdd4wviwVV2
11,"Levitating (feat. DaBaby)","Dua Lipa",24370656,https://open.spotify.com/track/5nujrmhLynf4yMoMtj8AQF
12,"Qué Más Pues?","J Balvin",24176106,https://open.spotify.com/track/6hf0RpxTbOprT5nnwzkk8e
13,Butter,BTS,23015380,https://open.spotify.com/track/2bgTY4UwhfBYhGT4HUYStN
14,"Peaches (feat. Daniel Caesar & Giveon)","Justin Bieber",21835262,https://open.spotify.com/track/4iJyoBOLtHqaGxP12qzhQI
15,traitor,"Olivia Rodrigo",20572698,https://open.spotify.com/track/5CZ40GBx1sQ9agT82CLQCT
16,"deja vu","Olivia Rodrigo",20414838,https://open.spotify.com/track/6HU7h9RYOaPRFeh0R3UeAr
17,"AM Remix","Nio Garcia",19386520,https://open.spotify.com/track/05bfbizlM5AX6Mf1RRyMho
18,"Save Your Tears (with Ariana Grande) (Remix)","The Weeknd",18434937,https://open.spotify.com/track/37BZB0z9T8Xu7U3e65qxFy
19,"Volando - Remix",Mora,17595887,https://open.spotify.com/track/0G2zPzWqVjR68iNPmx2TBe
20,"Motley Crew","Post Malone",17286328,https://open.spotify.com/track/40uMIn2zJLAQhNXghRjBed
21,"drivers license","Olivia Rodrigo",16574033,https://open.spotify.com/track/5wANPM4fQCJwkGd4rN57mH
22,happier,"Olivia Rodrigo",16201759,https://open.spotify.com/track/2tGvwE8GcFKwNdAXMnlbfl
23,"Ain't Shit","Doja Cat",15965676,https://open.spotify.com/track/5lAnYvAIkSDNXqfo7DyFUm
24,"Friday (feat. Mufasa & Hypeman) - Dopamine Re-Edit",Riton,15514908,https://open.spotify.com/track/4cG7HUWYHBV6R6tHn1gxrl
25,"Blinding Lights","The Weeknd",15374289,https://open.spotify.com/track/0VjIjW4GlUZAMYd2vXMi3b
26,"Leave The Door Open","Bruno Mars",15064236,https://open.spotify.com/track/7MAibcTli4IisCtbHKrGMh
27,"Astronaut In The Ocean","Masked Wolf",15017324,https://open.spotify.com/track/0BGwAKW4u8kWOhWFflZxfl
28,"favorite crime","Olivia Rodrigo",14419332,https://open.spotify.com/track/5JCoSi02qi3jJeHdZXMmR8
29,"Heat Waves","Glass Animals",14194696,https://open.spotify.com/track/02MWAaffLxlfxAUY7c5dvx
30,"Pareja Del Año","Sebastian Yatra",13457133,https://open.spotify.com/track/2rCbl9naJYhaxjLsfx88uM
31,"You Right","Doja Cat",13379942,https://open.spotify.com/track/0k4d5YPDr1r7FX77VdqWez
32,"Need to Know","Doja Cat",13023636,https://open.spotify.com/track/3Vi5XqYrmQgOYBajMWSvCi
33,Dynamite,BTS,12759351,https://open.spotify.com/track/4saklk6nie3yiGePpBwUoc
34,"Watermelon Sugar","Harry Styles",12629912,https://open.spotify.com/track/6UelLqGlWMcVH1E5c4H7lY
35,NDA,"Billie Eilish",12410675,https://open.spotify.com/track/6uqyE384HDSsuwpoF4mjrL
36,RAPSTAR,"Polo G",12201836,https://open.spotify.com/track/18vXApRmJSgQ6wG2ll9AOg
37,"jealousy, jealousy","Olivia Rodrigo",12179911,https://open.spotify.com/track/0MMyJUC3WNnFS1lit5pTjk
38,DÁKITI,"Bad Bunny",12101806,https://open.spotify.com/track/4MzXwWMhyBbmu6hOcLVD49
39,"Nicky Jam: Bzrp Music Sessions, Vol. 41",Bizarrap,11715617,https://open.spotify.com/track/03LfOYi0icz4souspZVVhq
40,"Poblado - Remix","J Balvin",11664081,https://open.spotify.com/track/1WedZeiezCmCEOzLwhx0hV
41,"The Business",Tiësto,11453556,https://open.spotify.com/track/6f3Slt0GbA2bPZlz0aIFXN
42,Miénteme,TINI,11218933,https://open.spotify.com/track/0cOa970mzTWAxKtltpkpLc
43,"Build a Bitch","Bella Poarch",11052450,https://open.spotify.com/track/7BoobGhD4x5K96Me0hqC8Q
44,"Fiel - Remix",Wisin,11050107,https://open.spotify.com/track/43qcs9NpJhDxtG91zxFkj7
45,"Mood (feat. iann dior)",24kGoldn,10591225,https://open.spotify.com/track/4jPy3l0RUwlUI9T5XHBW2m
46,"Heartbreak Anthem (with David Guetta & Little Mix)",Galantis,10477686,https://open.spotify.com/track/5K6Ssv4Z3zRvxt0P6EKUAP
47,Rasputin,Majestic,10104254,https://open.spotify.com/track/0b18g3G5spr4ZCkz7Y6Q0Q
48,Pepas,Farruko,10057745,https://open.spotify.com/track/5fwSHlTEWpluwOM0Sxnh5k
49,2/Catorce,"Rauw Alejandro",10037606,https://open.spotify.com/track/0PwFN7vRvY80Hnkoew2x3f
50,brutal,"Olivia Rodrigo",10006330,https://open.spotify.com/track/6SRsiMl7w1USE4mFqrOhHC
51,"911 - Remix",Sech,9823680,https://open.spotify.com/track/27RSJHEA99Y0Vsow7nA37A
52,"Your Love (9PM)",ATB,9758596,https://open.spotify.com/track/5YaskwnGDZFDRipaqzbwQx
53,Dinero,"Trinidad Cardona",9720084,https://open.spotify.com/track/3ggtU1ZOKO8ZNiqPNyXGcm
54,"Thot Shit","Megan Thee Stallion",9656237,https://open.spotify.com/track/5zNW5ARjYhJQJz1AChP33n
55,"Leave Before You Love Me (with Jonas Brothers)",Marshmello,9582923,https://open.spotify.com/track/4qu63nuBpdn0qHUHuObEj1
56,"Heartbreak Anniversary",Giveon,9537038,https://open.spotify.com/track/3FAJ6O0NOHQV8Mc5Ri6ENp
57,Freaks,"Surf Curse",9507220,https://open.spotify.com/track/7EkWXAI1wn8Ii883ecd9xr
58,"Beautiful Mistakes (feat. Megan Thee Stallion)","Maroon 5",9491224,https://open.spotify.com/track/5zFglKYiknIxks8geR8rcL
59,"Tiroteo - Remix","Marc Seguí",9379052,https://open.spotify.com/track/4OwhwvKESFtuu06dTgct7i
60,"ZITTI E BUONI",Måneskin,9301008,https://open.spotify.com/track/776AftMmFFAWUIEAb3lHhw
61,Run,OneRepublic,9291957,https://open.spotify.com/track/2UbVnbE5FH6008mAm6Mmgw
62,"Save Your Tears","The Weeknd",9271120,https://open.spotify.com/track/5QO79kh1waicV47BqGRL3g
63,"Meu Pedaço de Pecado","João Gomes",9231666,https://open.spotify.com/track/2kJRlOyrxsy7Ot3c5TZ8Q6
64,"Don't Start Now","Dua Lipa",9140743,https://open.spotify.com/track/3PfIrDoz19wz7qK7tYeu62
65,"Bout A Million (feat. 42 Dugg & 21 Savage)","Pop Smoke",8961078,https://open.spotify.com/track/4LaGu95Ui2s4vprSQYWUAZ
66,"Tell The Vision (feat. Kanye West & Pusha T)","Pop Smoke",8859168,https://open.spotify.com/track/2UwALqx6yOsXTFt7zRxnts
67,"Someone You Loved","Lewis Capaldi",8689953,https://open.spotify.com/track/7qEHsqek33rTcFNT9PFqLf
68,"EL MAKINON","KAROL G",8542109,https://open.spotify.com/track/2FSGUA0gFgGeQdprjtGM2M
69,Fiel,"Los Legendarios",8502148,https://open.spotify.com/track/7Bk0uXKk1uPT0XuQbpFzvs
70,telepatía,"Kali Uchis",8481357,https://open.spotify.com/track/6tDDoYIxWvMLTdKpjFkc1B
71,"Sweater Weather","The Neighbourhood",8435520,https://open.spotify.com/track/2QjOHCTQ1Jl3zawyYOpxh6
72,"Demeanor (feat. Dua Lipa)","Pop Smoke",8349976,https://open.spotify.com/track/3DMs7bahbQTnoxCjgP7qoK
73,"Botella Tras Botella","Gera MX",8208424,https://open.spotify.com/track/2MnLkFqY9Rpg9s3Zv6ZJdK
74,"t r a n s p a r e n t s o u l feat. Travis Barker",WILLOW,8170737,https://open.spotify.com/track/5JKnYZOhSP7rOK0jPYcCjV
75,"Entre Nosotros","Tiago PZK",8089872,https://open.spotify.com/track/6w8yBI2vthyN9UnwO4UBWb
76,BED,"Joel Corry",8061984,https://open.spotify.com/track/0siYMEsGrzzzlWLXK5zJfS
77,"Head & Heart (feat. MNEK)","Joel Corry",8008924,https://open.spotify.com/track/6cx06DFPPHchuUAcTxznu9
78,"Goosebumps - Remix","Travis Scott",7960479,https://open.spotify.com/track/5uEYRdEIh9Bo4fpjDd4Na9
79,"Wants and Needs (feat. Lil Baby)",Drake,7942440,https://open.spotify.com/track/65OVbaJR5O1RmwOQx0875b
80,"Dance Monkey","Tones And I",7940136,https://open.spotify.com/track/2N8m6CYs74qQO4mjVcXO30
81,"WITHOUT YOU","The Kid LAROI",7873199,https://open.spotify.com/track/27OeeYzk6klgBh83TSvGMA
82,512,Mora,7859776,https://open.spotify.com/track/5jzEwSyyymBlf1fa1o39T2
83,"Iko Iko (My Bestie)","Justin Wellington",7626630,https://open.spotify.com/track/7MC4XR9M9amdmKQr2iDF7i
84,Arcade,"Duncan Laurence",7571471,https://open.spotify.com/track/1J14CdDAvBTE1AJYUOwl6C
85,Loco,"Justin Quiles",7556276,https://open.spotify.com/track/6PDlkWmrq2ZKiUuFt2aQsH
86,"Ram Pam Pam","Natti Natasha",7449573,https://open.spotify.com/track/4DHDIdeayp8xvlyg22wREO
87,"Woo Baby (feat. Chris Brown)","Pop Smoke",7371935,https://open.spotify.com/track/58T4yPLn4NjBYXfRxeweyM
88,Circles,"Post Malone",7293245,https://open.spotify.com/track/21jGcNKet2qwijlDFuPiPb
89,positions,"Ariana Grande",7262374,https://open.spotify.com/track/35mvY5S1H3J2QZyna3TFe0
90,"Sal y Perrea",Sech,7237439,https://open.spotify.com/track/5u7twkeask1VIyDeNTElSU
91,"Love Tonight - Edit",Shouse,7052035,https://open.spotify.com/track/6OufwUcCqo81guU2jAlDVP
92,"Love Again","Dua Lipa",6979648,https://open.spotify.com/track/4rPkN1FMzQyFNP9cLUGIIB
93,"Roses - Imanbek Remix","SAINt JHN",6918832,https://open.spotify.com/track/0zLCBJZSiELJf02ucPP9wb
94,Levitating,"Dua Lipa",6892229,https://open.spotify.com/track/39LLxExYz6ewLAcYrzQQyP
95,"By Your Side (feat. Tom Grennan)","Calvin Harris",6867703,https://open.spotify.com/track/0vR2rIVORmgeKiGIgNT0fV
96,Up,"Cardi B",6866801,https://open.spotify.com/track/1M4OcYkxAtu3ErzSgDEfoi
97,"Before You Go","Lewis Capaldi",6857900,https://open.spotify.com/track/2gMXnyrvIjhVBUZwvLZDMP
98,"Lemonade (feat. Gunna, Don Toliver & NAV)","Internet Money",6840177,https://open.spotify.com/track/7hxHWCCAIIxFLCzvDgnQHX
99,Reckless,"Madison Beer",6837786,https://open.spotify.com/track/5ajjAnNRh8bxFvaVHzpPjh
100,"KESI - Remix",Camilo,6823754,https://open.spotify.com/track/0IqCoZ168iRc9LqfrYgpZy
101,Believer,"Imagine Dragons",6812706,https://open.spotify.com/track/0pqnGHJpmpxLKifKRmU6WP
102,"Talking to the Moon","Bruno Mars",6795472,https://open.spotify.com/track/161DnLWsx1i3u1JT05lzqU
103,"enough for you","Olivia Rodrigo",6767477,https://open.spotify.com/track/2TOzTqQXNmR2zDJXihjZ2e
104,"Hold On","Justin Bieber",6724083,https://open.spotify.com/track/1nahzW3kfMuwReTka28tH5
105,"Sunflower - Spider-Man: Into the Spider-Verse","Post Malone",6723533,https://open.spotify.com/track/0RiRZpuVRbi7oqRdSMwhQY
106,Sobrio,Maluma,6689201,https://open.spotify.com/track/4HzqWEdAbzcVFDv0pvxV4w
107,"2:50 Remix",MYA,6685898,https://open.spotify.com/track/74znaWw1hmQBusGPSOuTFy
108,"Shape of You","Ed Sheeran",6654328,https://open.spotify.com/track/7qiZfU4dY1lWllzX7mPBI3
109,"LA NOCHE DE ANOCHE","Bad Bunny",6631390,https://open.spotify.com/track/2XIc1pqjXV3Cr2BQUGNBck
110,"Wild Side (feat. Cardi B)",Normani,6589014,https://open.spotify.com/track/4XkrlDVc8UQUvsyRsxvU0M
111,Streets,"Doja Cat",6584907,https://open.spotify.com/track/60ynsPSSKe6O3sfwRnIBRf
112,"In Da Getto","J Balvin",6584377,https://open.spotify.com/track/63aj87TQG6F3RVO5nbG2VQ
113,"Ramenez la coupe à la maison",Vegedream,6565946,https://open.spotify.com/track/1m0UFnuTktOkksvjbF9z0m
114,"lovely (with Khalid)","Billie Eilish",6563907,https://open.spotify.com/track/0u2P5u6lvoDfwTYjAADbn4
115,"No Me Conocen (Remix) [con DUKI, Rei & Tiago PZK]",BANDIDO,6475048,https://open.spotify.com/track/7COGuXyTr12KvdaYXMqheC
116,"Holy Smokes","Trippie Redd",6464206,https://open.spotify.com/track/3EpF150nXMSNjiH0bbmXIL
117,"Bezos I","Bo Burnham",6442681,https://open.spotify.com/track/0Kdj7nwaYQmvhxnqZaIQuW
118,Perfect,"Ed Sheeran",6401642,https://open.spotify.com/track/0tgVpDi06FyKpA1z0VMD4v
119,"ROCKSTAR (feat. Roddy Ricch)",DaBaby,6381616,https://open.spotify.com/track/7ytR5pFWmSjzHJIeQkgog4
120,Señorita,"Shawn Mendes",6354090,https://open.spotify.com/track/6v3KW9xbzN5yKLt9YKDYA2
121,"you broke me first","Tate McRae",6351429,https://open.spotify.com/track/45bE4HXI0AwGZXfZtMp8JR
122,Riptide,"Vance Joy",6298738,https://open.spotify.com/track/7yq4Qj7cqayVTp3FF9CWbm
123,"Little Bit of Love","Tom Grennan",6289701,https://open.spotify.com/track/3Iba59sFmGhQ4kbCY5L8AX
124,"Não, Não Vou","Mari Fernandez",6253455,https://open.spotify.com/track/0xBQvhJAm6f7J142ympKOn
125,2055,"Sleepy Hallow",6251763,https://open.spotify.com/track/4XvcHTUfIlWfyJTRG0aqlo
126,Heather,"Conan Gray",6238733,https://open.spotify.com/track/4xqrdfXkTW4T0RauPLv3WA
127,"More Time","Pop Smoke",6238351,https://open.spotify.com/track/2wzionesqIt3x5Sglb4n91
128,"De Museo","Bad Bunny",6236011,https://open.spotify.com/track/267NGliXM8YLVZiKAD9Otm
129,Coupe,"Pop Smoke",6161664,https://open.spotify.com/track/4wNKxMbE3n1gRm4F6OaCP1
130,"Paradise (feat. Dermot Kennedy)",MEDUZA,6147980,https://open.spotify.com/track/6ft4hAq6yde8jPZY2i5zLr
131,"The Nights",Avicii,6141520,https://open.spotify.com/track/0ct6r3EGTcMLPtrXHDvVjc
132,Bandido,"Myke Towers",6137332,https://open.spotify.com/track/1xK1Gg9SxG8fy2Ya373oqb
133,"Smells Like Teen Spirit",Nirvana,6117152,https://open.spotify.com/track/1f3yAtsJtY87CTmM8RLnxf
134,"double take",dhruv,6115666,https://open.spotify.com/track/2CVChktEKBsM6v4IfdFU5k
135,"Miss The Rage (feat. Playboi Carti)","Trippie Redd",6085521,https://open.spotify.com/track/2BITQ360Knh6qNAOqR7Dyq
136,FULANITO,"Becky G",6068210,https://open.spotify.com/track/59L8x0xy8njj75vzVCPMqg
137,Memories,"Maroon 5",6056102,https://open.spotify.com/track/4cktbXiXOapiLBMprHFErI
138,"Daddy Issues","The Neighbourhood",6051234,https://open.spotify.com/track/5E30LdtzQTGqRvNd7l6kG5
139,"Aquelas Coisas","João Gomes",6008359,https://open.spotify.com/track/0FqVtQxRD3HsPltldG5v5M
140,"1 step forward, 3 steps back","Olivia Rodrigo",5999956,https://open.spotify.com/track/4wcBRRpIfesgcyUtis7PEg
141,Runaway,AURORA,5981705,https://open.spotify.com/track/1v1oIWf2Xgh54kIWuKsDf6
142,MORENA,"Luan Santana",5954279,https://open.spotify.com/track/4PQdrXMDHDPl1RczrrlADd
143,"Wasted Love (feat. Lagique)",Ofenbach,5941214,https://open.spotify.com/track/2pPO9YecZimmuVQfIzfV6U
144,Hawái,Maluma,5940348,https://open.spotify.com/track/1yoMvmasuxZfqHEipJhRbp
145,"Another Love","Tom Odell",5906324,https://open.spotify.com/track/7jtQIBanIiJOMS6RyCx6jZ
146,"Take Me To Church",Hozier,5895804,https://open.spotify.com/track/3dYD57lRAUcMHufyqn9GcI
147,Holiday,KSI,5883145,https://open.spotify.com/track/14Bcv6siTBPw3TlP84dasC
148,"Bohemian Rhapsody - Remastered 2011",Queen,5872149,https://open.spotify.com/track/4u7EnebtmKWzUH433cf5Qv
149,"What You Know Bout Love","Pop Smoke",5857300,https://open.spotify.com/track/1tkg4EHVoqnhR6iFEXb60y
150,"Manslaughter (feat. Rick Ross & The-Dream)","Pop Smoke",5822266,https://open.spotify.com/track/5EVzgDPaM0LCM3M5exl3z8
151,"Red Light Green Light",DaBaby,5820554,https://open.spotify.com/track/1YDebgap5OFwXEBG18NJvy
152,"Baby Me Atende","Matheus Fernandes",5799877,https://open.spotify.com/track/1bWBG6IkMnDr3qvCKSvQT7
153,"Ficha Limpa","Gusttavo Lima",5795486,https://open.spotify.com/track/5SwyN9hzmWjBsINlif8li8
154,"Wake Me Up",Avicii,5787886,https://open.spotify.com/track/0nrRP2bk19rLc0orkWPQk2
155,"Cover Me In Sunshine",P!nk,5769734,https://open.spotify.com/track/0UKUfxIkDAMZz7hMdiVX3m
156,"Counting Stars",OneRepublic,5743710,https://open.spotify.com/track/2tpWsVSb9UEmDRxAl1zhX1
157,"Here's Your Perfect","Jamie Miller",5742233,https://open.spotify.com/track/2aTKrdenCq5qBOoJPFdn4P
158,Shallow,"Lady Gaga",5734557,https://open.spotify.com/track/2VxeLyX666F8uXCJ0dZF8B
159,"Genius (feat. Lil Tjay & Swae Lee)","Pop Smoke",5702636,https://open.spotify.com/track/0kNYrbMehFxp1eleTwUjkP
160,"WUSYANAME (feat. Youngboy Never Broke Again & Ty Dolla $ign)","Tyler, The Creator",5696113,https://open.spotify.com/track/5B0kgjHULYJhAQkK5XsMoC
161,"Calling My Phone","Lil Tjay",5686459,https://open.spotify.com/track/3J8EOeKLTLXORtWPpOU5bE
162,goosebumps,"Travis Scott",5674804,https://open.spotify.com/track/6gBFPUFcJLzWGx4lenP6h2
163,"Tell Em",Cochise,5661329,https://open.spotify.com/track/7nc7mlSdWYeFom84zZ8Wr8
164,"For The Night (feat. Lil Baby & DaBaby)","Pop Smoke",5657057,https://open.spotify.com/track/0PvFJmanyNQMseIFrU708S
165,"Dreams - 2004 Remaster","Fleetwood Mac",5635956,https://open.spotify.com/track/0ofHAoxe9vBkTCp2UQIavz
166,Sommergewitter,Pashanim,5627519,https://open.spotify.com/track/2H7jZg2HliuQhZjfBblLrZ
167,34+35,"Ariana Grande",5593859,https://open.spotify.com/track/6Im9k8u9iIzKMrmV7BWtlF
168,"bad guy","Billie Eilish",5590090,https://open.spotify.com/track/2Fxmhks0bxGSBdJ92vM42m
169,"Every Breath You Take","The Police",5579516,https://open.spotify.com/track/1JSTJqkT5qHq8MDJnJbRE1
170,Yellow,Coldplay,5576424,https://open.spotify.com/track/3AJwUDP919kvQ9QcozQPxg
171,"Mr. Brightside","The Killers",5563939,https://open.spotify.com/track/003vvx7Niy0yvhvHt4a68B
172,"Lucid Dreams","Juice WRLD",5563698,https://open.spotify.com/track/285pBltuF7vW8TeWk8hdRR
173,"WAP (feat. Megan Thee Stallion)","Cardi B",5524812,https://open.spotify.com/track/4Oun2ylbjFKMPTiaSbbCih
174,"Ball If I Want To",DaBaby,5523260,https://open.spotify.com/track/0cu0rhnlCnJ7JIeHRiLpj3
175,"Say You Won't Let Go","James Arthur",5518736,https://open.spotify.com/track/5uCax9HTNlzGybIStD3vDh
176,"late at night","Roddy Ricch",5505932,https://open.spotify.com/track/1fxYz1s15pyZLsJT0Hdh1m
177,"Adore You","Harry Styles",5425858,https://open.spotify.com/track/3jjujdWJ72nww5eGnfs2E7
178,"Body (Remix) [feat. ArrDee, E1 (3x3), ZT (3x3), Bugzy Malone, Buni, Fivio Foreign & Darkoo]","Tion Wayne",5383125,https://open.spotify.com/track/6uvMKqNlrSvcC4NaKnrwjZ
179,Dior,"Pop Smoke",5361678,https://open.spotify.com/track/79s5XnCN4TJKTVMSmOx8Ep
180,"Brush Em (feat. Rah Swish)","Pop Smoke",5335271,https://open.spotify.com/track/3MmvQKMKdN3UhVS3eGzJIW
181,"death bed (coffee for your head)",Powfu,5328389,https://open.spotify.com/track/7eJMfftS33KTjuF7lTsMCx
182,"Good Days",SZA,5314730,https://open.spotify.com/track/3YJJjQPAbDT7mGpX3WtQ9A
183,"Não Nasceu pra Namorar","MC Zaquin",5305828,https://open.spotify.com/track/6pQKUKBpwr6GhfhcFFFozo
184,AM,"Nio Garcia",5288927,https://open.spotify.com/track/2dNhNlpZAtV4lwAFW45LIv
185,"One Dance",Drake,5276728,https://open.spotify.com/track/1zi7xx7UVEFkmKfv06H8x0
186,"Another One Bites The Dust - Remastered 2011",Queen,5270735,https://open.spotify.com/track/5vdp5UmvTsnMEMESIF2Ym7
187,"Best Friend (feat. Doja Cat)",Saweetie,5255706,https://open.spotify.com/track/20BOju91NaEFK5Py4VJ2pp
188,"Breaking Me",Topic,5243899,https://open.spotify.com/track/3H7ihDc1dqLriiWXwsc2po
189,"MI FAI IMPAZZIRE",BLANCO,5242097,https://open.spotify.com/track/1x3Qb8np6S1UvpSLthwEJN
190,"Ride It",Regard,5235088,https://open.spotify.com/track/2tnVG71enUj33Ic2nFN6kZ
191,"Lost Cause","Billie Eilish",5203319,https://open.spotify.com/track/2xdwCJLfKCkat14mlgR26M
192,"All of Me","John Legend",5175110,https://open.spotify.com/track/3U4isOIWM3VvDubwSI3y7a
193,"Shot in the Dark","John Mayer",5173308,https://open.spotify.com/track/239yM7BAQ2CkNc61ogPGXo
194,Wrecked,"Imagine Dragons",5150909,https://open.spotify.com/track/2d1MywHy6FwKdzxFuSJnwl
195,"Martin & Gina","Polo G",5120973,https://open.spotify.com/track/1VLtjHwRWOVJiE5Py7JxoQ
196,Bipolar,"Mc Davi",5116589,https://open.spotify.com/track/0qxLQ6opocOGyFnlXqJ53x
197,"His & Hers (feat. Don Toliver, Lil Uzi Vert & Gunna)","Internet Money",5110475,https://open.spotify.com/track/2IePEfMAtqWS6rLXXFZIgI
198,"Follow You","Imagine Dragons",5097187,https://open.spotify.com/track/7FdUvDkaE24o3FPIWTvzv2
199,"7 rings","Ariana Grande",5061584,https://open.spotify.com/track/6ocbgoVGwYJhOv1GgI9NsF
200,Woman,"Doja Cat",5056704,https://open.spotify.com/track/6Uj1ctrBOjOas8xZXGqKk4
