,,,"Note that these figures are generated using a formula that protects against any artificial inflation of chart positions.",
Position,"Track Name",Artist,Streams,URL
1,"As It Was","Harry Styles",78460903,https://open.spotify.com/track/4LRPiXqCikLlN15c3yImP7
2,"Heat Waves","Glass Animals",29196550,https://open.spotify.com/track/02MWAaffLxlfxAUY7c5dvx
3,"STAY (with Justin Bieber)","The Kid LAROI",23519832,https://open.spotify.com/track/5PjdY0CKGZdEuoNab3yDmX
4,"Enemy (with JID) - from the series Arcane League of Legends","Imagine Dragons",21399051,https://open.spotify.com/track/1HhNoOuqm1a5MXYEgAFl8o
5,Envolver,Anitta,21367787,https://open.spotify.com/track/3IAfUEeaXRX9s9UdKOJrFI
6,"Cold Heart - PNAU Remix","Elton John",19466157,https://open.spotify.com/track/7rglLriMNBPAyuJOMGwi39
7,"INDUSTRY BABY (feat. Jack Harlow)","Lil Nas X",18750154,https://open.spotify.com/track/5Z9KJZvQzH6PFmb8SNkxuk
8,abcdefu,GAYLE,18605182,https://open.spotify.com/track/4fouWK6XVHhzl78KzQ1UjL
9,"Plan A","Paulo Londra",18604423,https://open.spotify.com/track/2gpQi3hbcUAcEG8m2dlgfB
10,MAMIII,"Becky G",17204156,https://open.spotify.com/track/1ri9ZUkBJVFUdgwzCnfcYs
11,Ghost,"Justin Bieber",16971770,https://open.spotify.com/track/6I3mqTwhRpn34SLVafSH7G
12,"Una Noche en Medellín","Cris Mj",16651500,https://open.spotify.com/track/1O2pcBJGej0pmH2Y9XZMs6
13,"Bam Bam (feat. Ed Sheeran)","Camila Cabello",16547826,https://open.spotify.com/track/0QBzMgT7NIeoCYy3sJCof1
14,"MIDDLE OF THE NIGHT","Elley Duhé",16502332,https://open.spotify.com/track/58HvfVOeJY7lUuCqF0m3ly
15,Desesperados,"Rauw Alejandro",16412905,https://open.spotify.com/track/6mmPpaltUZK7xjNlBPQQ0p
16,Woman,"Doja Cat",15850018,https://open.spotify.com/track/6Uj1ctrBOjOas8xZXGqKk4
17,Shivers,"Ed Sheeran",15434279,https://open.spotify.com/track/50nfwKoDiSYg8zOCREWAm5
18,"Easy On Me",Adele,15265680,https://open.spotify.com/track/46IZ0fSY2mpAiktS3KOqds
19,"good 4 u","Olivia Rodrigo",14968609,https://open.spotify.com/track/4ZtFanR9U6ndgddUvNcjcG
20,"THATS WHAT I WANT","Lil Nas X",14778512,https://open.spotify.com/track/0e8nrvls4Qqv5Rfa2UhqmO
21,"When You're Gone","Shawn Mendes",14619171,https://open.spotify.com/track/0U1W2LZVUX7qTm7dDpqxh6
22,"Where Are You Now","Lost Frequencies",13523604,https://open.spotify.com/track/3uUuGVFu1V7jTQL60S1r8z
23,"Bad Habits","Ed Sheeran",13480615,https://open.spotify.com/track/3rmo8F54jFF8OgYsqTxm5d
24,Boyfriend,"Dove Cameron",13107439,https://open.spotify.com/track/59CfNbkERJ3NoTXDvoURjj
25,"My Universe",Coldplay,13058402,https://open.spotify.com/track/46HNZY1i7O6jwTA7Slo2PI
26,"The Motto",Tiësto,12849161,https://open.spotify.com/track/18asYwWugKjjsihZ0YvRxO
27,Pepas,Farruko,12825093,https://open.spotify.com/track/2B4GHvToeLTOBB4QLzW3Ni
28,"Fuera del mercado","Danny Ocean",12775563,https://open.spotify.com/track/1UdzJEpgJxtuXAlCOvD4S0
29,"Another Love","Tom Odell",12450614,https://open.spotify.com/track/7jtQIBanIiJOMS6RyCx6jZ
30,"In My Head","Lil Tjay",12285583,https://open.spotify.com/track/1HvTxgCj0mTzQlEo0zLvFb
31,Infinity,"Jaymes Young",12106427,https://open.spotify.com/track/1SOClUWhOi8vHZYMz3GluK
32,"Blinding Lights","The Weeknd",11966387,https://open.spotify.com/track/0VjIjW4GlUZAMYd2vXMi3b
33,"I Love You So","The Walters",11736094,https://open.spotify.com/track/4SqWKzw0CbA05TGszDgMlc
34,"Sweater Weather","The Neighbourhood",11622158,https://open.spotify.com/track/2QjOHCTQ1Jl3zawyYOpxh6
35,traitor,"Olivia Rodrigo",11507245,https://open.spotify.com/track/5CZ40GBx1sQ9agT82CLQCT
36,"X ÚLTIMA VEZ","Daddy Yankee",11495047,https://open.spotify.com/track/48AJSd42lXpicsGqcgopof
37,"Lo Siento BB:/ (with Bad Bunny & Julieta Venegas)",Tainy,11437796,https://open.spotify.com/track/4gzsuuZypVbxs0Af1LSZyB
38,"Kiss Me More (feat. SZA)","Doja Cat",11274272,https://open.spotify.com/track/3DarAbFujv6eYNliUTyqtz
39,"Need to Know","Doja Cat",11061312,https://open.spotify.com/track/3Vi5XqYrmQgOYBajMWSvCi
40,Dandelions,"Ruth B.",11025074,https://open.spotify.com/track/2eAvDnpXP5W0cVtiI0PUxV
41,"Light Switch","Charlie Puth",10976929,https://open.spotify.com/track/3AVXwaOGCEL8cmBecfcsFJ
42,"drivers license","Olivia Rodrigo",10849569,https://open.spotify.com/track/5wANPM4fQCJwkGd4rN57mH
43,Yonaguni,"Bad Bunny",10676750,https://open.spotify.com/track/2JPLbjOn0wPCngEot2STUS
44,"Watermelon Sugar","Harry Styles",10638398,https://open.spotify.com/track/6UelLqGlWMcVH1E5c4H7lY
45,"Do It To It",ACRAZE,10255486,https://open.spotify.com/track/20on25jryn53hWghthWWW3
46,"Levitating (feat. DaBaby)","Dua Lipa",9863900,https://open.spotify.com/track/5nujrmhLynf4yMoMtj8AQF
47,"Save Your Tears","The Weeknd",9638630,https://open.spotify.com/track/5QO79kh1waicV47BqGRL3g
48,"Happier Than Ever","Billie Eilish",9633089,https://open.spotify.com/track/4RVwu0g32PAqgUiJoXsdF8
49,"We Don't Talk About Bruno","Carolina Gaitán - La Gaita",9515557,https://open.spotify.com/track/52xJxFP6TqMuO4Yt0eOkMz
50,Starlight,Dave,9451929,https://open.spotify.com/track/531KGXtBroSrOX9LVmiIgc
51,"Cool for the Summer","Demi Lovato",9328668,https://open.spotify.com/track/3uwnnTQcHM1rDqSfA4gQNz
52,Jordan,"Ryan Castro",9313304,https://open.spotify.com/track/2rDZhKnPaPG054ExZ6nXUS
53,"deja vu","Olivia Rodrigo",9202444,https://open.spotify.com/track/6HU7h9RYOaPRFeh0R3UeAr
54,Softcore,"The Neighbourhood",8918215,https://open.spotify.com/track/2K7xn816oNHJZ0aVqdQsha
55,"MONTERO (Call Me By Your Name)","Lil Nas X",8865975,https://open.spotify.com/track/1SC5rEoYDGUK4NfG82494W
56,505,"Arctic Monkeys",8844484,https://open.spotify.com/track/58ge6dfP91o9oXMzq3XkIS
57,"Something In The Way - Remastered",Nirvana,8802545,https://open.spotify.com/track/2WL6GQzPuK9Nrpy9XwNEbz
58,"Without Me",Eminem,8678062,https://open.spotify.com/track/7lQ8MOhq6IN2w8EYcFNSUk
59,Medallo,Blessd,8658531,https://open.spotify.com/track/6lX6l7OuA3qrnIRfdsr0dw
60,Pantysito,Alejo,8657600,https://open.spotify.com/track/4srcMdbm2qzVG98tJajHxp
61,"Wait a Minute!",WILLOW,8656292,https://open.spotify.com/track/0y60itmpH0aPKsFiGxmtnh
62,"Yo Voy (feat. Daddy Yankee)","Zion & Lennox",8565055,https://open.spotify.com/track/5gflgO9EPbIBf16n5TKnQS
63,Butter,BTS,8361199,https://open.spotify.com/track/1mWdTewIgB3gtBM3TOSFhB
64,"Save Your Tears (Remix) (with Ariana Grande) - Bonus Track","The Weeknd",8360205,https://open.spotify.com/track/1oFAF1hdPOickyHgbuRjyX
65,Bones,"Imagine Dragons",8310270,https://open.spotify.com/track/0HqZX76SFLDz2aW8aiqi7G
66,DÁKITI,"Bad Bunny",8302410,https://open.spotify.com/track/4MzXwWMhyBbmu6hOcLVD49
67,"Peaches (feat. Daniel Caesar & Giveon)","Justin Bieber",7971650,https://open.spotify.com/track/4iJyoBOLtHqaGxP12qzhQI
68,"Tom's Diner",AnnenMayKantereit,7970993,https://open.spotify.com/track/0oA9wBGDY4uyILLg4GymWP
69,"she's all i wanna be","Tate McRae",7961514,https://open.spotify.com/track/0IuVhCflrQPMGRrOyoY5RW
70,Yellow,Coldplay,7920511,https://open.spotify.com/track/3AJwUDP919kvQ9QcozQPxg
71,"Cayó La Noche (feat. Cruz Cafuné, Abhir Hathi, Bejo, EL IMA) [Remix]","La Pantera",7871239,https://open.spotify.com/track/0Bv7O6fmZk3GrNQFYJaXPn
72,"Tacones Rojos","Sebastian Yatra",7862183,https://open.spotify.com/track/6ylDpki1VpIsc525KC1ojF
73,Beggin',Måneskin,7716319,https://open.spotify.com/track/3Wrjm47oTz2sjIgck11l5e
74,DANÇARINA,"PEDRO SAMPAIO",7675813,https://open.spotify.com/track/5zNxUkUW9WiV5oyg6gh2wB
75,"Mon Amour - Remix",zzoilo,7630591,https://open.spotify.com/track/5TMLavqGRKNxgzMBrVpC9R
76,Toxic,BoyWithUke,7607400,https://open.spotify.com/track/2gQPv5jvVPqU2a9HhMNO1v
77,"Sweetest Pie","Megan Thee Stallion",7582786,https://open.spotify.com/track/7mFj0LlWtEJaEigguaWqYh
78,"The Real Slim Shady",Eminem,7548931,https://open.spotify.com/track/3yfqSUWxFvZELEM4PmlwIR
79,"love nwantiti (ah ah ah)",CKay,7497565,https://open.spotify.com/track/2Xr1dTzJee307rmrkt8c0g
80,"Me Arrepentí",Ak4:20,7491107,https://open.spotify.com/track/40w8JmvwYUP2HUiXPxjy99
81,"sentaDONA (Remix) s2","Davi Kneip",7451423,https://open.spotify.com/track/3sd2p4kE7xQmFH3lPnFl6h
82,"Demasiadas Mujeres","C. Tangana",7436052,https://open.spotify.com/track/3GaGWoU1KfVqgl7vnRHP55
83,"A Tu Merced","Bad Bunny",7423032,https://open.spotify.com/track/4r9jkMEnArtWGH2rL2FZl0
84,Believer,"Imagine Dragons",7421709,https://open.spotify.com/track/0pqnGHJpmpxLKifKRmU6WP
85,"Mount Everest",Labrinth,7399437,https://open.spotify.com/track/1ZdhOMWyFR8Iv9eylMGYg2
86,"One Right Now (with The Weeknd)","Post Malone",7336824,https://open.spotify.com/track/00Blm7zeNqgYLPtW6zg8cj
87,"Don't Start Now","Dua Lipa",7280935,https://open.spotify.com/track/3PfIrDoz19wz7qK7tYeu62
88,Sigue,"J Balvin",7268105,https://open.spotify.com/track/0bBd6K5X4W7t9GyXcaVOA7
89,"Leave The Door Open","Bruno Mars",7231370,https://open.spotify.com/track/02VBYrHfVwfEWXk5DXyf0T
90,"Numb Little Bug","Em Beihold",7195892,https://open.spotify.com/track/3o9kpgkIcffx0iSwxhuNI2
91,"lovely (with Khalid)","Billie Eilish",7195453,https://open.spotify.com/track/0u2P5u6lvoDfwTYjAADbn4
92,Dynamite,BTS,7178732,https://open.spotify.com/track/5QDLhrAOJJdNAmCTJ8xMyW
93,Lost,"Frank Ocean",7167133,https://open.spotify.com/track/3GZD6HmiNUhxXYf8Gch723
94,"Todo De Ti","Rauw Alejandro",7123589,https://open.spotify.com/track/3rdAz1fbUfZxYgaCviYhRo
95,"Sunflower - Spider-Man: Into the Spider-Verse","Post Malone",7103252,https://open.spotify.com/track/0RiRZpuVRbi7oqRdSMwhQY
96,"Dark Red","Steve Lacy",7100628,https://open.spotify.com/track/37y7iDayfwm3WXn5BiAoRk
97,Volví,Aventura,7091294,https://open.spotify.com/track/2vmfvSoZBFAt9hhRoEByLi
98,"Oh My God",Adele,7083471,https://open.spotify.com/track/3Kkjo3cT83cw09VJyrLNwX
99,RUMBATÓN,"Daddy Yankee",7065940,https://open.spotify.com/track/3XjN0mvFkQp1FMVM9Ro5hm
100,"Lose Yourself - From ""8 Mile"" Soundtrack",Eminem,6956554,https://open.spotify.com/track/1v7L65Lzy0j0vdpRjJewt1
101,"No Role Modelz","J. Cole",6951608,https://open.spotify.com/track/68Dni7IE4VyPkTOH9mRWHr
102,"Someone You Loved","Lewis Capaldi",6948165,https://open.spotify.com/track/7qEHsqek33rTcFNT9PFqLf
103,Chale,"Eden Muñoz",6925662,https://open.spotify.com/track/74WROFXsox6wkeUrEK2DS6
104,"LA CANCIÓN","J Balvin",6851920,https://open.spotify.com/track/0fea68AdmYNygeTGI4RC18
105,"Soy El Unico","Yahritza Y Su Esencia",6815153,https://open.spotify.com/track/6HJIZUOiZDE814XMhRGSZN
106,"Fingers Crossed","Lauren Spencer-Smith",6785456,https://open.spotify.com/track/3yMC1KsTwh0ceXdIe4QQAQ
107,Notion,"The Rare Occasions",6784571,https://open.spotify.com/track/0sTlGEld0h8kIPZaKDYUf4
108,"Moth To A Flame (with The Weeknd)","Swedish House Mafia",6768836,https://open.spotify.com/track/2gpWyfu7eZ01zzncHpxOtA
109,"Smells Like Teen Spirit - Remastered",Nirvana,6738962,https://open.spotify.com/track/0gucTLf7trAf37Ua1uAyAu
110,"Still D.R.E.","Dr. Dre",6724067,https://open.spotify.com/track/503OTo2dSqe7qk76rgsbep
111,"La Santa","Bad Bunny",6717640,https://open.spotify.com/track/69vlMrzHwATKzupwNcUPyK
112,Revenge,XXXTENTACION,6697817,https://open.spotify.com/track/5TXDeTFVRVY7Cvt0Dw4vWW
113,"Si Quieren Frontear",Duki,6660533,https://open.spotify.com/track/6bQ5823aHmFVKLZW8E7rRo
114,"Locked out of Heaven","Bruno Mars",6655530,https://open.spotify.com/track/5g7sDjBhZ4I3gcFIpkrLuI
115,"You Right","Doja Cat",6641198,https://open.spotify.com/track/0k4d5YPDr1r7FX77VdqWez
116,Unstoppable,Sia,6614976,https://open.spotify.com/track/2J2Z1SkXYghSajLibnQHOa
117,"Adore You","Harry Styles",6572013,https://open.spotify.com/track/3jjujdWJ72nww5eGnfs2E7
118,"Counting Stars",OneRepublic,6541919,https://open.spotify.com/track/2tpWsVSb9UEmDRxAl1zhX1
119,happier,"Olivia Rodrigo",6517314,https://open.spotify.com/track/2tGvwE8GcFKwNdAXMnlbfl
120,"Nail Tech","Jack Harlow",6435182,https://open.spotify.com/track/62Yo3FDddWY8ydu6PW2wyz
121,"Tiago PZK: Bzrp Music Sessions, Vol. 48",Bizarrap,6385988,https://open.spotify.com/track/2Gq636OOGgxCTqEuzCZhsa
122,MONEY,LISA,6377188,https://open.spotify.com/track/7hU3IHwjX150XLoTVmjD0q
123,Freaks,"Surf Curse",6343372,https://open.spotify.com/track/7EkWXAI1wn8Ii883ecd9xr
124,"favorite crime","Olivia Rodrigo",6324695,https://open.spotify.com/track/5JCoSi02qi3jJeHdZXMmR8
125,"Shape of You","Ed Sheeran",6304057,https://open.spotify.com/track/7qiZfU4dY1lWllzX7mPBI3
126,"Angel Baby","Troye Sivan",6292287,https://open.spotify.com/track/2m6Ko3CY1qXNNja8AlugNc
127,"Daddy Issues","The Neighbourhood",6290670,https://open.spotify.com/track/5E30LdtzQTGqRvNd7l6kG5
128,Falling,"Harry Styles",6286668,https://open.spotify.com/track/1ZMiCix7XSAbfAJlEZWMCp
129,Payphone,"Maroon 5",6232229,https://open.spotify.com/track/1XGmzt0PVuFgQYYnV2It7A
130,"Bohemian Rhapsody - Remastered 2011",Queen,6224143,https://open.spotify.com/track/4u7EnebtmKWzUH433cf5Qv
131,"up at night (feat. justin bieber)",Kehlani,6218121,https://open.spotify.com/track/4WghJOMjDpGdlk3b8aJIgy
132,"TO THE MOON","Jnr Choi",6203768,https://open.spotify.com/track/5vUnjhBzRJJIAOJPde6zDx
133,"Volando - Remix",Mora,6188891,https://open.spotify.com/track/0G2zPzWqVjR68iNPmx2TBe
134,Golden,"Harry Styles",6183000,https://open.spotify.com/track/45S5WTQEGOB1VHr1Q4FuPl
135,"Blank Space","Taylor Swift",6172482,https://open.spotify.com/track/1u8c2t2Cy7UBoG4ArRcF5g
136,"LA FAMA (with The Weeknd)",ROSALÍA,6169645,https://open.spotify.com/track/6Y46tOTRhkBamosyuWa6YX
137,"pushin P (feat. Young Thug)",Gunna,6139994,https://open.spotify.com/track/3XOalgusokruzA5ZBA2Qcb
138,MANIAC,"Stray Kids",6096488,https://open.spotify.com/track/7BDHDiidJ8WV349p3HTxTV
139,"Fim de Semana no Rio",Teto,6096179,https://open.spotify.com/track/7afaZ37wJJL6880z1NRgJS
140,"Knife Talk (with 21 Savage ft. Project Pat)",Drake,6073595,https://open.spotify.com/track/2BcMwX1MPV6ZHP4tUT9uq6
141,"Nobody Like U","4*TOWN (From Disney and Pixar’s Turning Red)",6071161,https://open.spotify.com/track/4bV5sf2B4hWBBd5HQ8S7KB
142,Mujeriego,"Ryan Castro",6068621,https://open.spotify.com/track/78kygHp1dvW1kncYjBgbe1
143,"'Till I Collapse",Eminem,6059150,https://open.spotify.com/track/4xkOaSrkexMciUUogZKVTS
144,"Something Just Like This","The Chainsmokers",6042386,https://open.spotify.com/track/6RUKPb4LETWmmr3iAEQktW
145,"jealousy, jealousy","Olivia Rodrigo",5991797,https://open.spotify.com/track/0MMyJUC3WNnFS1lit5pTjk
146,"The Nights",Avicii,5983198,https://open.spotify.com/track/0ct6r3EGTcMLPtrXHDvVjc
147,Riptide,"Vance Joy",5964303,https://open.spotify.com/track/7yq4Qj7cqayVTp3FF9CWbm
148,"Still Life",BIGBANG,5944671,https://open.spotify.com/track/3TSLqZssCoCdDlMhCJ08XW
149,"Mr. Brightside","The Killers",5919959,https://open.spotify.com/track/003vvx7Niy0yvhvHt4a68B
150,Perfect,"Ed Sheeran",5914379,https://open.spotify.com/track/0tgVpDi06FyKpA1z0VMD4v
151,"Gangsta's Paradise",Coolio,5894015,https://open.spotify.com/track/1DIXPcTDzTj8ZMHt3PDt8p
152,"All Too Well (10 Minute Version) (Taylor's Version) (From The Vault)","Taylor Swift",5844747,https://open.spotify.com/track/5enxwA8aAbwZbf5qCHORXi
153,Heather,"Conan Gray",5837951,https://open.spotify.com/track/4xqrdfXkTW4T0RauPLv3WA
154,"Better Days (NEIKED x Mae Muller x Polo G)",NEIKED,5830754,https://open.spotify.com/track/6f5ExP43esnvdKPddwKXJH
155,"Take Me To Church",Hozier,5822074,https://open.spotify.com/track/3dYD57lRAUcMHufyqn9GcI
156,"IDGAF (with blackbear)",BoyWithUke,5795689,https://open.spotify.com/track/6Jrdb6CFOJEGaHjaa6c4WR
157,"One Dance",Drake,5791590,https://open.spotify.com/track/1zi7xx7UVEFkmKfv06H8x0
158,"Don't Be Shy",Tiësto,5761664,https://open.spotify.com/track/0bI7K9Becu2dtXK1Q3cZNB
159,Circles,"Post Malone",5756296,https://open.spotify.com/track/21jGcNKet2qwijlDFuPiPb
160,"Super Gremlin","Kodak Black",5751659,https://open.spotify.com/track/1Y5Jvi3eLi4Chwqch9GMem
161,"Mood (feat. iann dior)",24kGoldn,5713291,https://open.spotify.com/track/4jPy3l0RUwlUI9T5XHBW2m
162,"Talking to the Moon","Bruno Mars",5698054,https://open.spotify.com/track/161DnLWsx1i3u1JT05lzqU
163,Formula,Labrinth,5670619,https://open.spotify.com/track/6EtKlIQmGPB9SX8UjDJG5s
164,"Wake Me Up",Avicii,5654094,https://open.spotify.com/track/0nrRP2bk19rLc0orkWPQk2
165,"Just the Way You Are","Bruno Mars",5652729,https://open.spotify.com/track/7BqBn9nzAq8spo5e7cZ0dJ
166,"Hati-Hati di Jalan",Tulus,5640313,https://open.spotify.com/track/2hHeGD57S0BcopfVcmehdl
167,"Dance Monkey","Tones And I",5618929,https://open.spotify.com/track/2N8m6CYs74qQO4mjVcXO30
168,"Just A Cloud Away","Pharrell Williams",5605803,https://open.spotify.com/track/0DGTcMqvVR7fmBXgiG6jz4
169,"In Da Club","50 Cent",5600596,https://open.spotify.com/track/7iL6o9tox1zgHpKUfh9vuC
170,"All For Us",Labrinth,5573843,https://open.spotify.com/track/76YSWx6L6FNsuaP6GWBb8P
171,"Ain't Shit","Doja Cat",5571478,https://open.spotify.com/track/5lAnYvAIkSDNXqfo7DyFUm
172,"Feel My Rhythm","Red Velvet",5562325,https://open.spotify.com/track/2oBMZYteeO8DyXV9gDx6Za
173,"No Lie","Sean Paul",5560777,https://open.spotify.com/track/48QmG1dfvMuYLxMPt7KSRA
174,SAOKO,ROSALÍA,5556956,https://open.spotify.com/track/2FYGZDfsAnNsrm1gVbyKnG
175,"Ya No Somos Ni Seremos","Christian Nodal",5524512,https://open.spotify.com/track/0UXlu64mDLvfzR8IXMz06J
176,"Can't Hold Us (feat. Ray Dalton)","Macklemore & Ryan Lewis",5521363,https://open.spotify.com/track/22skzmqfdWrjJylampe0kt
177,"Why'd You Only Call Me When You're High?","Arctic Monkeys",5491874,https://open.spotify.com/track/48q0vSHcJdhK3IiXH8C5WJ
178,positions,"Ariana Grande",5479264,https://open.spotify.com/track/35mvY5S1H3J2QZyna3TFe0
179,Stan,Eminem,5472932,https://open.spotify.com/track/3UmaczJpikHgJFyBTAJVoz
180,"Get Into It (Yuh)","Doja Cat",5471407,https://open.spotify.com/track/0W6I02J9xcqK8MtSeosEXb
181,"When I Was Your Man","Bruno Mars",5468802,https://open.spotify.com/track/0B7wvvmu9EISAwZnOpjhNI
182,Hope,XXXTENTACION,5464006,https://open.spotify.com/track/2ZRo7axmMPeSVUvDbGkJah
183,"There's Nothing Holdin' Me Back","Shawn Mendes",5450303,https://open.spotify.com/track/7JJmb5XwzOO8jgpou264Ml
184,Señorita,"Shawn Mendes",5420937,https://open.spotify.com/track/6v3KW9xbzN5yKLt9YKDYA2
185,"All of Me","John Legend",5383592,https://open.spotify.com/track/3U4isOIWM3VvDubwSI3y7a
186,"Down Under (feat. Colin Hay)",Luude,5382971,https://open.spotify.com/track/3Oww84xrmgjyr5J1ilOmAf
187,"Do I Wanna Know?","Arctic Monkeys",5376132,https://open.spotify.com/track/3rq5w4bQGigXOfdN30ATJt
188,"Sign of the Times","Harry Styles",5366199,https://open.spotify.com/track/5Ohxk2dO5COHF1krpoPigN
189,"Lucid Dreams","Juice WRLD",5364004,https://open.spotify.com/track/285pBltuF7vW8TeWk8hdRR
190,Nostálgico,Rvssian,5357104,https://open.spotify.com/track/2BEcap3xJtmiPaHKyfQi4e
191,Bored,"Billie Eilish",5356309,https://open.spotify.com/track/04sN26COy28wTXYj3dMoiZ
192,Levitating,"Dua Lipa",5352961,https://open.spotify.com/track/39LLxExYz6ewLAcYrzQQyP
193,"Malvadão 3",Xamã,5352236,https://open.spotify.com/track/0NBgyml7T0IvUNbXIkcSpH
194,"The Night We Met","Lord Huron",5344718,https://open.spotify.com/track/3hRV0jL3vUpRrcy398teAU
195,"Godzilla (feat. Juice WRLD)",Eminem,5339358,https://open.spotify.com/track/7FIWs0pqAYbP91WWM0vlTQ
196,"La Zona","Bad Bunny",5326096,https://open.spotify.com/track/5kqNIqFjijuzvVLhuY9B8j
197,"See You Again (feat. Kali Uchis)","Tyler, The Creator",5316525,https://open.spotify.com/track/7KA4W4McWYRpgf0fWsJZWB
198,"Love Yourself","Justin Bieber",5312283,https://open.spotify.com/track/50kpGaPAhYJ3sGmk6vplg0
199,"Mal Feito - Ao Vivo","Hugo & Guilherme",5300930,https://open.spotify.com/track/5719MEdRQcH4c3phXqX7WN
200,Memories,"Maroon 5",5299695,https://open.spotify.com/track/4cktbXiXOapiLBMprHFErI
