,,,"Note that these figures are generated using a formula that protects against any artificial inflation of chart positions.",
Position,"Track Name",Artist,Streams,URL
1,"Heat Waves","Glass Animals",30353370,https://open.spotify.com/track/02MWAaffLxlfxAUY7c5dvx
2,"STAY (with Justin Bieber)","The Kid LAROI",24905049,https://open.spotify.com/track/5PjdY0CKGZdEuoNab3yDmX
3,"Enemy (with JID) - from the series Arcane League of Legends","Imagine Dragons",23637334,https://open.spotify.com/track/1HhNoOuqm1a5MXYEgAFl8o
4,abcdefu,GAYLE,22341453,https://open.spotify.com/track/4fouWK6XVHhzl78KzQ1UjL
5,"Cold Heart - PNAU Remix","Elton John",21349861,https://open.spotify.com/track/7rglLriMNBPAyuJOMGwi39
6,MAMIII,"Becky G",21130191,https://open.spotify.com/track/1ri9ZUkBJVFUdgwzCnfcYs
7,"INDUSTRY BABY (feat. Jack Harlow)","Lil Nas X",19400297,https://open.spotify.com/track/5Z9KJZvQzH6PFmb8SNkxuk
8,Desesperados,"Rauw Alejandro",17879418,https://open.spotify.com/track/6mmPpaltUZK7xjNlBPQQ0p
9,"Easy On Me",Adele,17324613,https://open.spotify.com/track/46IZ0fSY2mpAiktS3KOqds
10,Shivers,"Ed Sheeran",16910484,https://open.spotify.com/track/50nfwKoDiSYg8zOCREWAm5
11,Boyfriend,"Dove Cameron",16098201,https://open.spotify.com/track/59CfNbkERJ3NoTXDvoURjj
12,Ghost,"Justin Bieber",15979360,https://open.spotify.com/track/6I3mqTwhRpn34SLVafSH7G
13,Woman,"Doja Cat",15403335,https://open.spotify.com/track/6Uj1ctrBOjOas8xZXGqKk4
14,"Bam Bam (feat. Ed Sheeran)","Camila Cabello",15162911,https://open.spotify.com/track/0QBzMgT7NIeoCYy3sJCof1
15,Infinity,"Jaymes Young",15091878,https://open.spotify.com/track/1SOClUWhOi8vHZYMz3GluK
16,"THATS WHAT I WANT","Lil Nas X",15020939,https://open.spotify.com/track/0e8nrvls4Qqv5Rfa2UhqmO
17,Pepas,Farruko,14730895,https://open.spotify.com/track/2B4GHvToeLTOBB4QLzW3Ni
18,"Residente: Bzrp Music Sessions, Vol. 49",Bizarrap,14007874,https://open.spotify.com/track/2dG9k8jtnkjzJjUToz9i9i
19,"MIDDLE OF THE NIGHT","Elley Duhé",13981996,https://open.spotify.com/track/58HvfVOeJY7lUuCqF0m3ly
20,"Bad Habits","Ed Sheeran",13926294,https://open.spotify.com/track/3rmo8F54jFF8OgYsqTxm5d
21,"We Don't Talk About Bruno","Carolina Gaitán - La Gaita",13642155,https://open.spotify.com/track/52xJxFP6TqMuO4Yt0eOkMz
22,"Where Are You Now","Lost Frequencies",13511167,https://open.spotify.com/track/3uUuGVFu1V7jTQL60S1r8z
23,"I Love You So","The Walters",13203070,https://open.spotify.com/track/4SqWKzw0CbA05TGszDgMlc
24,"good 4 u","Olivia Rodrigo",13015925,https://open.spotify.com/track/4ZtFanR9U6ndgddUvNcjcG
25,"My Universe",Coldplay,13001324,https://open.spotify.com/track/46HNZY1i7O6jwTA7Slo2PI
26,"The Motto",Tiësto,12584698,https://open.spotify.com/track/18asYwWugKjjsihZ0YvRxO
27,"Do It To It",ACRAZE,12476714,https://open.spotify.com/track/20on25jryn53hWghthWWW3
28,"Lo Siento BB:/ (with Bad Bunny & Julieta Venegas)",Tainy,12463408,https://open.spotify.com/track/4gzsuuZypVbxs0Af1LSZyB
29,"I’m Tired (with Zendaya) - Bonus Track",Labrinth,12279471,https://open.spotify.com/track/6LtHYDgYHRCHoKK3snfr2w
30,"Blinding Lights","The Weeknd",11819902,https://open.spotify.com/track/0VjIjW4GlUZAMYd2vXMi3b
31,Yonaguni,"Bad Bunny",11747409,https://open.spotify.com/track/2JPLbjOn0wPCngEot2STUS
32,"Sweater Weather","The Neighbourhood",11364760,https://open.spotify.com/track/2QjOHCTQ1Jl3zawyYOpxh6
33,"Need to Know","Doja Cat",11069742,https://open.spotify.com/track/3Vi5XqYrmQgOYBajMWSvCi
34,"Light Switch","Charlie Puth",10963018,https://open.spotify.com/track/3AVXwaOGCEL8cmBecfcsFJ
35,Dandelions,"Ruth B.",10851441,https://open.spotify.com/track/2eAvDnpXP5W0cVtiI0PUxV
36,"Mount Everest",Labrinth,10663904,https://open.spotify.com/track/1ZdhOMWyFR8Iv9eylMGYg2
37,"Kiss Me More (feat. SZA)","Doja Cat",10638286,https://open.spotify.com/track/3DarAbFujv6eYNliUTyqtz
38,"Una Noche en Medellín","Cris Mj",10616554,https://open.spotify.com/track/1O2pcBJGej0pmH2Y9XZMs6
39,traitor,"Olivia Rodrigo",10421509,https://open.spotify.com/track/5CZ40GBx1sQ9agT82CLQCT
40,"Levitating (feat. DaBaby)","Dua Lipa",10296147,https://open.spotify.com/track/5nujrmhLynf4yMoMtj8AQF
41,Softcore,"The Neighbourhood",10266042,https://open.spotify.com/track/2K7xn816oNHJZ0aVqdQsha
42,"pushin P (feat. Young Thug)",Gunna,10174648,https://open.spotify.com/track/3XOalgusokruzA5ZBA2Qcb
43,"Mon Amour - Remix",zzoilo,10087164,https://open.spotify.com/track/5TMLavqGRKNxgzMBrVpC9R
44,"Without Me",Eminem,9833270,https://open.spotify.com/track/7lQ8MOhq6IN2w8EYcFNSUk
45,DANÇARINA,"PEDRO SAMPAIO",9783046,https://open.spotify.com/track/5zNxUkUW9WiV5oyg6gh2wB
46,"All For Us",Labrinth,9676477,https://open.spotify.com/track/76YSWx6L6FNsuaP6GWBb8P
47,"MONTERO (Call Me By Your Name)","Lil Nas X",9601220,https://open.spotify.com/track/1SC5rEoYDGUK4NfG82494W
48,"Save Your Tears (with Ariana Grande) (Remix)","The Weeknd",9463386,https://open.spotify.com/track/37BZB0z9T8Xu7U3e65qxFy
49,"she's all i wanna be","Tate McRae",9439989,https://open.spotify.com/track/0IuVhCflrQPMGRrOyoY5RW
50,"Another Love","Tom Odell",9401569,https://open.spotify.com/track/7jtQIBanIiJOMS6RyCx6jZ
51,"Something In The Way - Remastered",Nirvana,9359284,https://open.spotify.com/track/2WL6GQzPuK9Nrpy9XwNEbz
52,"Tacones Rojos","Sebastian Yatra",9310589,https://open.spotify.com/track/6ylDpki1VpIsc525KC1ojF
53,DÁKITI,"Bad Bunny",9239733,https://open.spotify.com/track/4MzXwWMhyBbmu6hOcLVD49
54,Medallo,Blessd,9156267,https://open.spotify.com/track/6lX6l7OuA3qrnIRfdsr0dw
55,"drivers license","Olivia Rodrigo",8935455,https://open.spotify.com/track/5wANPM4fQCJwkGd4rN57mH
56,Lost,"Frank Ocean",8884677,https://open.spotify.com/track/3GZD6HmiNUhxXYf8Gch723
57,"Save Your Tears","The Weeknd",8831076,https://open.spotify.com/track/5QO79kh1waicV47BqGRL3g
58,"Cayó La Noche (feat. Cruz Cafuné, Abhir Hathi, Bejo, EL IMA) [Remix]","La Pantera",8631367,https://open.spotify.com/track/0Bv7O6fmZk3GrNQFYJaXPn
59,"Happier Than Ever","Billie Eilish",8603631,https://open.spotify.com/track/4RVwu0g32PAqgUiJoXsdF8
60,"Nail Tech","Jack Harlow",8573681,https://open.spotify.com/track/62Yo3FDddWY8ydu6PW2wyz
61,Toxic,BoyWithUke,8562188,https://open.spotify.com/track/2gQPv5jvVPqU2a9HhMNO1v
62,"Super Gremlin","Kodak Black",8478589,https://open.spotify.com/track/1Y5Jvi3eLi4Chwqch9GMem
63,"love nwantiti (ah ah ah)",CKay,8449369,https://open.spotify.com/track/2Xr1dTzJee307rmrkt8c0g
64,505,"Arctic Monkeys",8410566,https://open.spotify.com/track/58ge6dfP91o9oXMzq3XkIS
65,Beggin',Måneskin,8384366,https://open.spotify.com/track/3Wrjm47oTz2sjIgck11l5e
66,"The Real Slim Shady",Eminem,8165506,https://open.spotify.com/track/3yfqSUWxFvZELEM4PmlwIR
67,"Oh My God",Adele,8119174,https://open.spotify.com/track/3Kkjo3cT83cw09VJyrLNwX
68,Formula,Labrinth,8082285,https://open.spotify.com/track/6EtKlIQmGPB9SX8UjDJG5s
69,"Todo De Ti","Rauw Alejandro",8058935,https://open.spotify.com/track/3rdAz1fbUfZxYgaCviYhRo
70,"Still D.R.E.","Dr. Dre",8056200,https://open.spotify.com/track/503OTo2dSqe7qk76rgsbep
71,"Fingers Crossed","Lauren Spencer-Smith",7971217,https://open.spotify.com/track/3yMC1KsTwh0ceXdIe4QQAQ
72,"Watermelon Sugar","Harry Styles",7955322,https://open.spotify.com/track/6UelLqGlWMcVH1E5c4H7lY
73,"Moth To A Flame (with The Weeknd)","Swedish House Mafia",7931254,https://open.spotify.com/track/2gpWyfu7eZ01zzncHpxOtA
74,"One Right Now (with The Weeknd)","Post Malone",7924609,https://open.spotify.com/track/00Blm7zeNqgYLPtW6zg8cj
75,"A Tu Merced","Bad Bunny",7923605,https://open.spotify.com/track/4r9jkMEnArtWGH2rL2FZl0
76,Notion,"The Rare Occasions",7923076,https://open.spotify.com/track/0sTlGEld0h8kIPZaKDYUf4
77,"TO THE MOON","Jnr Choi",7899762,https://open.spotify.com/track/5vUnjhBzRJJIAOJPde6zDx
78,"Numb Little Bug","Em Beihold",7878125,https://open.spotify.com/track/3o9kpgkIcffx0iSwxhuNI2
79,"Lose Yourself - From ""8 Mile"" Soundtrack",Eminem,7877628,https://open.spotify.com/track/1v7L65Lzy0j0vdpRjJewt1
80,"Hati-Hati di Jalan",Tulus,7834034,https://open.spotify.com/track/2hHeGD57S0BcopfVcmehdl
81,Volví,Aventura,7828857,https://open.spotify.com/track/2vmfvSoZBFAt9hhRoEByLi
82,"Don't Start Now","Dua Lipa",7767316,https://open.spotify.com/track/3PfIrDoz19wz7qK7tYeu62
83,Starlight,Dave,7752994,https://open.spotify.com/track/531KGXtBroSrOX9LVmiIgc
84,"deja vu","Olivia Rodrigo",7691393,https://open.spotify.com/track/6HU7h9RYOaPRFeh0R3UeAr
85,"Yo Voy (feat. Daddy Yankee)","Zion & Lennox",7659233,https://open.spotify.com/track/5gflgO9EPbIBf16n5TKnQS
86,"Dark Red","Steve Lacy",7624131,https://open.spotify.com/track/37y7iDayfwm3WXn5BiAoRk
87,"Surface Pressure - From ""Encanto""/Soundtrack Version","Jessica Darrow",7604102,https://open.spotify.com/track/6K5ph5mq1qprHae3TrgTj5
88,"Ya No Somos Ni Seremos","Christian Nodal",7531405,https://open.spotify.com/track/0UXlu64mDLvfzR8IXMz06J
89,"Malvadão 3",Xamã,7514812,https://open.spotify.com/track/0NBgyml7T0IvUNbXIkcSpH
90,"Freaky Deaky",Tyga,7506186,https://open.spotify.com/track/3vySEUpD0tc801F2WZDLYw
91,"Peaches (feat. Daniel Caesar & Giveon)","Justin Bieber",7500966,https://open.spotify.com/track/4iJyoBOLtHqaGxP12qzhQI
92,"Sunflower - Spider-Man: Into the Spider-Verse","Post Malone",7356568,https://open.spotify.com/track/0RiRZpuVRbi7oqRdSMwhQY
93,Butter,BTS,7330332,https://open.spotify.com/track/1mWdTewIgB3gtBM3TOSFhB
94,Believer,"Imagine Dragons",7319155,https://open.spotify.com/track/0pqnGHJpmpxLKifKRmU6WP
95,Sacrifice,"The Weeknd",7318510,https://open.spotify.com/track/1nH2PkJL1XoUq8oE6tBZoU
96,MONEY,LISA,7265860,https://open.spotify.com/track/7hU3IHwjX150XLoTVmjD0q
97,"Someone You Loved","Lewis Capaldi",7178043,https://open.spotify.com/track/7qEHsqek33rTcFNT9PFqLf
98,"Stay Alive (Prod. SUGA of BTS)","Jung Kook",7177877,https://open.spotify.com/track/7CAdT0HdiQNlt1C7xk2hep
99,"Down Under (feat. Colin Hay)",Luude,7082898,https://open.spotify.com/track/3Oww84xrmgjyr5J1ilOmAf
100,Jordan,"Ryan Castro",7053805,https://open.spotify.com/track/2rDZhKnPaPG054ExZ6nXUS
101,"lovely (with Khalid)","Billie Eilish",7010245,https://open.spotify.com/track/0u2P5u6lvoDfwTYjAADbn4
102,"Tiago PZK: Bzrp Music Sessions, Vol. 48",Bizarrap,6966720,https://open.spotify.com/track/2Gq636OOGgxCTqEuzCZhsa
103,Dynamite,BTS,6950283,https://open.spotify.com/track/5QDLhrAOJJdNAmCTJ8xMyW
104,Attention,"Omah Lay",6948004,https://open.spotify.com/track/6tTeRmhhuwDl5Y4UiJdHuO
105,Malvada,"Zé Felipe",6820918,https://open.spotify.com/track/7gVzhRCrLRUBEGdS7zNTp0
106,Mujeriego,"Ryan Castro",6779115,https://open.spotify.com/track/78kygHp1dvW1kncYjBgbe1
107,DARARI,TREASURE,6758927,https://open.spotify.com/track/0dcnrLo8s1rhjm8euGjI4n
108,Nostálgico,Rvssian,6696404,https://open.spotify.com/track/2BEcap3xJtmiPaHKyfQi4e
109,Freaks,"Surf Curse",6685653,https://open.spotify.com/track/7EkWXAI1wn8Ii883ecd9xr
110,"You Right","Doja Cat",6666999,https://open.spotify.com/track/0k4d5YPDr1r7FX77VdqWez
111,"Volando - Remix",Mora,6636473,https://open.spotify.com/track/0G2zPzWqVjR68iNPmx2TBe
112,"'Till I Collapse",Eminem,6635289,https://open.spotify.com/track/4xkOaSrkexMciUUogZKVTS
113,Unstoppable,Sia,6600410,https://open.spotify.com/track/2J2Z1SkXYghSajLibnQHOa
114,"ay! (feat. Lil Wayne)","Machine Gun Kelly",6506771,https://open.spotify.com/track/374EllG6WyKdKvklfanNZT
115,"No Role Modelz","J. Cole",6506710,https://open.spotify.com/track/68Dni7IE4VyPkTOH9mRWHr
116,"Ginseng Strip 2002","Yung Lean",6487887,https://open.spotify.com/track/79nEEoEPY2w8EXj9hjn5oc
117,"Knife Talk (with 21 Savage ft. Project Pat)",Drake,6451679,https://open.spotify.com/track/2BcMwX1MPV6ZHP4tUT9uq6
118,Yellow,Coldplay,6389033,https://open.spotify.com/track/3AJwUDP919kvQ9QcozQPxg
119,Excuses,"AP Dhillon",6376571,https://open.spotify.com/track/29m79w9xPMH4YCD6r8JSmV
120,"Daddy Issues","The Neighbourhood",6373532,https://open.spotify.com/track/5E30LdtzQTGqRvNd7l6kG5
121,"Better Days (NEIKED x Mae Muller x Polo G)",NEIKED,6367576,https://open.spotify.com/track/6f5ExP43esnvdKPddwKXJH
122,"La Zona","Bad Bunny",6338790,https://open.spotify.com/track/5kqNIqFjijuzvVLhuY9B8j
123,"Counting Stars",OneRepublic,6324245,https://open.spotify.com/track/2tpWsVSb9UEmDRxAl1zhX1
124,"Don't Be Shy",Tiësto,6304479,https://open.spotify.com/track/0bI7K9Becu2dtXK1Q3cZNB
125,Envolver,Anitta,6266602,https://open.spotify.com/track/3IAfUEeaXRX9s9UdKOJrFI
126,"Shape of You","Ed Sheeran",6243367,https://open.spotify.com/track/7qiZfU4dY1lWllzX7mPBI3
127,"In Da Club","50 Cent",6203756,https://open.spotify.com/track/7iL6o9tox1zgHpKUfh9vuC
128,"Smells Like Teen Spirit - Remastered",Nirvana,6180836,https://open.spotify.com/track/0gucTLf7trAf37Ua1uAyAu
129,"Gangsta's Paradise",Coolio,6156573,https://open.spotify.com/track/1DIXPcTDzTj8ZMHt3PDt8p
130,"Elliot's Song - From ""Euphoria"" An HBO Original Series","Dominic Fike",6146335,https://open.spotify.com/track/7JIIY2oDPFkURYMCLJuzhe
131,"Leave The Door Open","Bruno Mars",6142879,https://open.spotify.com/track/1LPSkqVhWVRUkKE03YUkpB
132,"All Too Well (10 Minute Version) (Taylor's Version) (From The Vault)","Taylor Swift",6095645,https://open.spotify.com/track/5enxwA8aAbwZbf5qCHORXi
133,"LA CANCIÓN","J Balvin",6083763,https://open.spotify.com/track/0fea68AdmYNygeTGI4RC18
134,"Bohemian Rhapsody - Remastered 2011",Queen,6077122,https://open.spotify.com/track/4u7EnebtmKWzUH433cf5Qv
135,"Locked out of Heaven","Bruno Mars",6074325,https://open.spotify.com/track/5g7sDjBhZ4I3gcFIpkrLuI
136,"Mood (feat. iann dior)",24kGoldn,6055678,https://open.spotify.com/track/4jPy3l0RUwlUI9T5XHBW2m
137,Chale,"Eden Muñoz",6047653,https://open.spotify.com/track/74WROFXsox6wkeUrEK2DS6
138,Perfect,"Ed Sheeran",6047072,https://open.spotify.com/track/0tgVpDi06FyKpA1z0VMD4v
139,"Blank Space","Taylor Swift",6045698,https://open.spotify.com/track/1u8c2t2Cy7UBoG4ArRcF5g
140,"Se Le Ve","Dímelo Flow",6025018,https://open.spotify.com/track/5W1qmxHrMlQGGAiFA3ZQqP
141,Heather,"Conan Gray",6017897,https://open.spotify.com/track/4xqrdfXkTW4T0RauPLv3WA
142,Riptide,"Vance Joy",5928225,https://open.spotify.com/track/7yq4Qj7cqayVTp3FF9CWbm
143,"No Lie","Sean Paul",5924431,https://open.spotify.com/track/48QmG1dfvMuYLxMPt7KSRA
144,"Mal Feito - Ao Vivo","Hugo & Guilherme",5914180,https://open.spotify.com/track/5719MEdRQcH4c3phXqX7WN
145,"La Santa","Bad Bunny",5901765,https://open.spotify.com/track/69vlMrzHwATKzupwNcUPyK
146,Thunder,"Gabry Ponte",5891977,https://open.spotify.com/track/2USlegnFJLrVLpoVfPimKB
147,"I Hate U",SZA,5870633,https://open.spotify.com/track/5dXWFMwD7I7zXsInONVl0H
148,"this is what falling in love feels like",JVKE,5849254,https://open.spotify.com/track/4UG2Fm0E98LhE2dlNxiAXx
149,happier,"Olivia Rodrigo",5845470,https://open.spotify.com/track/2tGvwE8GcFKwNdAXMnlbfl
150,"The Nights",Avicii,5842965,https://open.spotify.com/track/0ct6r3EGTcMLPtrXHDvVjc
151,"love nwantiti (feat. Dj Yo! & AX'EL) - Remix",CKay,5840373,https://open.spotify.com/track/4gvrJnKCKIPiacNsWVQwEU
152,Payphone,"Maroon 5",5815599,https://open.spotify.com/track/1XGmzt0PVuFgQYYnV2It7A
153,"One Dance",Drake,5766063,https://open.spotify.com/track/1zi7xx7UVEFkmKfv06H8x0
154,"Dance Monkey","Tones And I",5758734,https://open.spotify.com/track/2N8m6CYs74qQO4mjVcXO30
155,"Get Into It (Yuh)","Doja Cat",5756871,https://open.spotify.com/track/0W6I02J9xcqK8MtSeosEXb
156,Swim,"Chase Atlantic",5754106,https://open.spotify.com/track/3M0lSi5WW79CXQamgSBIjx
157,"favorite crime","Olivia Rodrigo",5745487,https://open.spotify.com/track/5JCoSi02qi3jJeHdZXMmR8
158,"Take Me To Church",Hozier,5729462,https://open.spotify.com/track/3dYD57lRAUcMHufyqn9GcI
159,"Meet Me At Our Spot","THE ANXIETY",5728331,https://open.spotify.com/track/07MDkzWARZaLEdKxo6yArG
160,Circles,"Post Malone",5685588,https://open.spotify.com/track/21jGcNKet2qwijlDFuPiPb
161,"Every Summertime",NIKI,5685025,https://open.spotify.com/track/68HocO7fx9z0MgDU0ZPHro
162,Revenge,XXXTENTACION,5682221,https://open.spotify.com/track/5TXDeTFVRVY7Cvt0Dw4vWW
163,"Mr. Brightside","The Killers",5656702,https://open.spotify.com/track/003vvx7Niy0yvhvHt4a68B
164,positions,"Ariana Grande",5641416,https://open.spotify.com/track/35mvY5S1H3J2QZyna3TFe0
165,212,Chefin,5629713,https://open.spotify.com/track/3QGxgNaqaFSpORp2OVLXHR
166,Problemón,"Alvaro Diaz",5622884,https://open.spotify.com/track/1mSviQV9iQnGSRyvTIuxAj
167,"The Family Madrigal","Stephanie Beatriz",5615576,https://open.spotify.com/track/4b1yxSdlumA8N4fEk4UOZp
168,"Why'd You Only Call Me When You're High?","Arctic Monkeys",5601158,https://open.spotify.com/track/48q0vSHcJdhK3IiXH8C5WJ
169,"Godzilla (feat. Juice WRLD)",Eminem,5579653,https://open.spotify.com/track/7FIWs0pqAYbP91WWM0vlTQ
170,"Still Don't Know My Name",Labrinth,5556934,https://open.spotify.com/track/6N22FZs2ZhPBYi3b9XPajV
171,"Lost in the Fire (feat. The Weeknd)",Gesaffelstein,5543528,https://open.spotify.com/track/2vXKRlJBXyOcvZYTdNeckS
172,"Before You Go","Lewis Capaldi",5539966,https://open.spotify.com/track/2gMXnyrvIjhVBUZwvLZDMP
173,"Talking to the Moon","Bruno Mars",5532215,https://open.spotify.com/track/161DnLWsx1i3u1JT05lzqU
174,L’enfer,Stromae,5527205,https://open.spotify.com/track/1CsuHmKOfCYxPoO4xjlAWV
175,"Lucid Dreams","Juice WRLD",5522828,https://open.spotify.com/track/285pBltuF7vW8TeWk8hdRR
176,"Space Song","Beach House",5487126,https://open.spotify.com/track/7H0ya83CMmgFcOhw0UB6ow
177,Señorita,"Shawn Mendes",5483040,https://open.spotify.com/track/6v3KW9xbzN5yKLt9YKDYA2
178,"Rolling in the Deep",Adele,5478495,https://open.spotify.com/track/6IAZHEBUIGJ6NJKxxOBIEr
179,"Polaroid Love",ENHYPEN,5459452,https://open.spotify.com/track/5elW2CKSoqjYoJ32AGDxf1
180,Forever,Labrinth,5448354,https://open.spotify.com/track/6potEImiklXkwD9qFzpu15
181,"The Business",Tiësto,5441389,https://open.spotify.com/track/6f3Slt0GbA2bPZlz0aIFXN
182,"Say You Won't Let Go","James Arthur",5420741,https://open.spotify.com/track/5uCax9HTNlzGybIStD3vDh
183,Stan,Eminem,5420726,https://open.spotify.com/track/3UmaczJpikHgJFyBTAJVoz
184,"When I R.I.P.",Labrinth,5418797,https://open.spotify.com/track/2t16D9V5FmmRAJjsSpwvZf
185,"The Joker And The Queen (feat. Taylor Swift)","Ed Sheeran",5394930,https://open.spotify.com/track/6N1K5OVVCopBjGViHs2IvP
186,"All of Me","John Legend",5388430,https://open.spotify.com/track/3U4isOIWM3VvDubwSI3y7a
187,Hope,XXXTENTACION,5383541,https://open.spotify.com/track/2ZRo7axmMPeSVUvDbGkJah
188,"The Hills","The Weeknd",5372778,https://open.spotify.com/track/7fBv7CLKzipRk6EC6TWHOB
189,"Wake Me Up",Avicii,5368979,https://open.spotify.com/track/0nrRP2bk19rLc0orkWPQk2
190,Levitating,"Dua Lipa",5364941,https://open.spotify.com/track/39LLxExYz6ewLAcYrzQQyP
191,"Do I Wanna Know?","Arctic Monkeys",5362692,https://open.spotify.com/track/3rq5w4bQGigXOfdN30ATJt
192,"Can't Hold Us (feat. Ray Dalton)","Macklemore & Ryan Lewis",5333554,https://open.spotify.com/track/22skzmqfdWrjJylampe0kt
193,"Praise God","Kanye West",5317830,https://open.spotify.com/track/0WSEq9Ko4kFPt8yo3ICd6T
194,"Demasiadas Mujeres","C. Tangana",5300311,https://open.spotify.com/track/3GaGWoU1KfVqgl7vnRHP55
195,Memories,"Maroon 5",5282356,https://open.spotify.com/track/4cktbXiXOapiLBMprHFErI
196,"NEW MAGIC WAND","Tyler, The Creator",5278616,https://open.spotify.com/track/0fv2KH6hac06J86hBUTcSf
197,Sobrio,Maluma,5278210,https://open.spotify.com/track/4HzqWEdAbzcVFDv0pvxV4w
198,"Monëy so big",Yeat,5255568,https://open.spotify.com/track/7BbaIYAdi3pg4MGl6PHwPv
199,"Bloqueado - Ao Vivo","Gusttavo Lima",5252300,https://open.spotify.com/track/6nkoWsFZeFt5dUdNmlIceh
200,Sehnsucht,"Miksu / Macloud",5246533,https://open.spotify.com/track/1W1N3usYjgI3XGQA0iX9Vq
