,,,"Note that these figures are generated using a formula that protects against any artificial inflation of chart positions.",
Position,"Track Name",Artist,Streams,URL
1,abcdefu,GAYLE,32267898,https://open.spotify.com/track/4fouWK6XVHhzl78KzQ1UjL
2,"STAY (with Justin Bieber)","The Kid LAROI",30097622,https://open.spotify.com/track/5PjdY0CKGZdEuoNab3yDmX
3,Sacrifice,"The Weeknd",29522371,https://open.spotify.com/track/1nH2PkJL1XoUq8oE6tBZoU
4,"Heat Waves","Glass Animals",28898527,https://open.spotify.com/track/02MWAaffLxlfxAUY7c5dvx
5,"Easy On Me",Adele,27202948,https://open.spotify.com/track/46IZ0fSY2mpAiktS3KOqds
6,"Enemy (with JID) - from the series Arcane League of Legends","Imagine Dragons",26297758,https://open.spotify.com/track/1r9xUipOqoNwggBpENDsvJ
7,"Cold Heart - PNAU Remix","Elton John",25912109,https://open.spotify.com/track/7rglLriMNBPAyuJOMGwi39
8,"INDUSTRY BABY (feat. Jack Harlow)","Lil Nas X",24897973,https://open.spotify.com/track/5Z9KJZvQzH6PFmb8SNkxuk
9,Shivers,"Ed Sheeran",20117876,https://open.spotify.com/track/50nfwKoDiSYg8zOCREWAm5
10,"Out of Time","The Weeknd",19101458,https://open.spotify.com/track/2SLwbpExuoBDZBpjfefCtV
11,"Is There Someone Else?","The Weeknd",19068950,https://open.spotify.com/track/0mL82sxCRjrs3br407IdJh
12,"Do It To It",ACRAZE,19010114,https://open.spotify.com/track/20on25jryn53hWghthWWW3
13,Gasoline,"The Weeknd",18876791,https://open.spotify.com/track/3KyKxJ4P3pVCgaZwaq2rUC
14,"How Do I Make You Love Me?","The Weeknd",18711962,https://open.spotify.com/track/2Ghp894n1laIf2w98VeAOJ
15,Pepas,Farruko,18706747,https://open.spotify.com/track/2B4GHvToeLTOBB4QLzW3Ni
16,"We Don't Talk About Bruno","Carolina Gaitán - La Gaita",18355324,https://open.spotify.com/track/52xJxFP6TqMuO4Yt0eOkMz
17,"Fingers Crossed","Lauren Spencer-Smith",18286101,https://open.spotify.com/track/5S9Zs5g9lTWnLIboN1pdlU
18,"Bad Habits","Ed Sheeran",17096657,https://open.spotify.com/track/3rmo8F54jFF8OgYsqTxm5d
19,"My Universe",Coldplay,16328409,https://open.spotify.com/track/46HNZY1i7O6jwTA7Slo2PI
20,Woman,"Doja Cat",16258279,https://open.spotify.com/track/6Uj1ctrBOjOas8xZXGqKk4
21,Infinity,"Jaymes Young",15985746,https://open.spotify.com/track/1SOClUWhOi8vHZYMz3GluK
22,"Take My Breath","The Weeknd",15936947,https://open.spotify.com/track/2vgUijXOTRMnWXDtvgMp2b
23,"Less Than Zero","The Weeknd",15342843,https://open.spotify.com/track/2D4dV2KXDTszzJ3p3cFqhA
24,"good 4 u","Olivia Rodrigo",15066560,https://open.spotify.com/track/4ZtFanR9U6ndgddUvNcjcG
25,"Here We Go… Again (feat. Tyler, the Creator)","The Weeknd",14848877,https://open.spotify.com/track/1NhjYYcYTRywc0di98xHxf
26,"Best Friends","The Weeknd",14588300,https://open.spotify.com/track/1E5Xu8dur0fAjSP1VpVhAZ
27,"Dawn FM","The Weeknd",14262747,https://open.spotify.com/track/6krYS8KtmNAYyb5uTZiYW4
28,"I Heard You’re Married (feat. Lil Wayne)","The Weeknd",14029224,https://open.spotify.com/track/5XbA7TAqsD0fj0dGBrbb0D
29,"Kiss Me More (feat. SZA)","Doja Cat",13767122,https://open.spotify.com/track/3DarAbFujv6eYNliUTyqtz
30,"Blinding Lights","The Weeknd",13373320,https://open.spotify.com/track/0VjIjW4GlUZAMYd2vXMi3b
31,Ghost,"Justin Bieber",13254490,https://open.spotify.com/track/6I3mqTwhRpn34SLVafSH7G
32,"Need to Know","Doja Cat",13161411,https://open.spotify.com/track/3Vi5XqYrmQgOYBajMWSvCi
33,"Where Are You Now","Lost Frequencies",13161110,https://open.spotify.com/track/3uUuGVFu1V7jTQL60S1r8z
34,"MONTERO (Call Me By Your Name)","Lil Nas X",12666479,https://open.spotify.com/track/1SC5rEoYDGUK4NfG82494W
35,"Starry Eyes","The Weeknd",12612116,https://open.spotify.com/track/6zzdyvVWjGrQBraSvuqJPY
36,"love nwantiti (ah ah ah)",CKay,12433678,https://open.spotify.com/track/2Xr1dTzJee307rmrkt8c0g
37,Yonaguni,"Bad Bunny",12371670,https://open.spotify.com/track/2JPLbjOn0wPCngEot2STUS
38,"I Love You So","The Walters",12265070,https://open.spotify.com/track/4SqWKzw0CbA05TGszDgMlc
39,"THATS WHAT I WANT","Lil Nas X",11883830,https://open.spotify.com/track/0e8nrvls4Qqv5Rfa2UhqmO
40,Beggin',Måneskin,11779332,https://open.spotify.com/track/3Wrjm47oTz2sjIgck11l5e
41,"Surface Pressure","Jessica Darrow",11698516,https://open.spotify.com/track/760jhRscwGbIIe1m1IIQpU
42,"One Right Now (with The Weeknd)","Post Malone",11666361,https://open.spotify.com/track/00Blm7zeNqgYLPtW6zg8cj
43,"Lo Siento BB:/ (with Bad Bunny & Julieta Venegas)",Tainy,11583791,https://open.spotify.com/track/4gzsuuZypVbxs0Af1LSZyB
44,"Mon Amour - Remix",zzoilo,11481148,https://open.spotify.com/track/5TMLavqGRKNxgzMBrVpC9R
45,"Sweater Weather","The Neighbourhood",11387618,https://open.spotify.com/track/2QjOHCTQ1Jl3zawyYOpxh6
46,MONEY,LISA,11362984,https://open.spotify.com/track/7hU3IHwjX150XLoTVmjD0q
47,"The Motto",Tiësto,11344479,https://open.spotify.com/track/18asYwWugKjjsihZ0YvRxO
48,"Moth To A Flame (with The Weeknd)","Swedish House Mafia",11160908,https://open.spotify.com/track/2gpWyfu7eZ01zzncHpxOtA
49,"Happier Than Ever","Billie Eilish",11114296,https://open.spotify.com/track/4RVwu0g32PAqgUiJoXsdF8
50,"Levitating (feat. DaBaby)","Dua Lipa",10890222,https://open.spotify.com/track/5nujrmhLynf4yMoMtj8AQF
51,"Malvadão 3",Xamã,10865853,https://open.spotify.com/track/0NBgyml7T0IvUNbXIkcSpH
52,traitor,"Olivia Rodrigo",10820592,https://open.spotify.com/track/5CZ40GBx1sQ9agT82CLQCT
53,Toxic,BoyWithUke,10803508,https://open.spotify.com/track/2gQPv5jvVPqU2a9HhMNO1v
54,"A Tale By Quincy","The Weeknd",10644730,https://open.spotify.com/track/759ndr57jb0URg4j9YSWml
55,"Don’t Break My Heart","The Weeknd",10589657,https://open.spotify.com/track/6a4GH1gljLL7VvmO9u5O92
56,"drivers license","Olivia Rodrigo",10503717,https://open.spotify.com/track/5wANPM4fQCJwkGd4rN57mH
57,Desesperados,"Rauw Alejandro",10421911,https://open.spotify.com/track/6mmPpaltUZK7xjNlBPQQ0p
58,"Oh My God",Adele,10189540,https://open.spotify.com/track/3Kkjo3cT83cw09VJyrLNwX
59,"All Too Well (10 Minute Version) (Taylor's Version) (From The Vault)","Taylor Swift",10121514,https://open.spotify.com/track/5enxwA8aAbwZbf5qCHORXi
60,"Save Your Tears (with Ariana Grande) (Remix)","The Weeknd",10057161,https://open.spotify.com/track/37BZB0z9T8Xu7U3e65qxFy
61,"Entre Nosotros (Remix) [con Nicki Nicole]","Tiago PZK",9996959,https://open.spotify.com/track/4TGwERXRlyQtBdggYTHo6j
62,"Every Angel is Terrifying","The Weeknd",9616013,https://open.spotify.com/track/3vJcz8exedHCjQ9ed95NqU
63,Medallo,Blessd,9548437,https://open.spotify.com/track/6lX6l7OuA3qrnIRfdsr0dw
64,"I Hate U",SZA,9440285,https://open.spotify.com/track/5dXWFMwD7I7zXsInONVl0H
65,"I AM WOMAN","Emmy Meli",9269736,https://open.spotify.com/track/3nOz1U41SZZ0N3fuUWr9nb
66,"Todo De Ti","Rauw Alejandro",9261151,https://open.spotify.com/track/3rdAz1fbUfZxYgaCviYhRo
67,Volví,Aventura,9182371,https://open.spotify.com/track/2vmfvSoZBFAt9hhRoEByLi
68,"It'll Be Okay","Shawn Mendes",9124887,https://open.spotify.com/track/2KnLkZ3z7PO3kgVGHGqDpD
69,"pushin P (feat. Young Thug)",Gunna,9123927,https://open.spotify.com/track/3LnpBazWpD31QMTn6LgVGv
70,"love nwantiti (feat. Dj Yo! & AX'EL) - Remix",CKay,8974375,https://open.spotify.com/track/4gvrJnKCKIPiacNsWVQwEU
71,"Super Gremlin","Kodak Black",8956656,https://open.spotify.com/track/4A8cWXxKfIL3lAyUDzXbCF
72,"Smokin Out The Window","Bruno Mars",8801685,https://open.spotify.com/track/7sMBvZCSUl99bJLXZaLa0b
73,"Save Your Tears","The Weeknd",8735830,https://open.spotify.com/track/5QO79kh1waicV47BqGRL3g
74,"Tacones Rojos","Sebastian Yatra",8727303,https://open.spotify.com/track/0Be7sopyKMv8Y8npsUkax2
75,DÁKITI,"Bad Bunny",8594022,https://open.spotify.com/track/4MzXwWMhyBbmu6hOcLVD49
76,"Meet Me At Our Spot","THE ANXIETY",8586908,https://open.spotify.com/track/07MDkzWARZaLEdKxo6yArG
77,"Peaches (feat. Daniel Caesar & Giveon)","Justin Bieber",8484750,https://open.spotify.com/track/4iJyoBOLtHqaGxP12qzhQI
78,Softcore,"The Neighbourhood",8457969,https://open.spotify.com/track/2K7xn816oNHJZ0aVqdQsha
79,Dandelions,"Ruth B.",8399738,https://open.spotify.com/track/2eAvDnpXP5W0cVtiI0PUxV
80,"Tiago PZK: Bzrp Music Sessions, Vol. 48",Bizarrap,8288528,https://open.spotify.com/track/2Gq636OOGgxCTqEuzCZhsa
81,"Sunflower - Spider-Man: Into the Spider-Verse","Post Malone",8250893,https://open.spotify.com/track/0RiRZpuVRbi7oqRdSMwhQY
82,"Watermelon Sugar","Harry Styles",8239840,https://open.spotify.com/track/6UelLqGlWMcVH1E5c4H7lY
83,Nostálgico,Rvssian,8226210,https://open.spotify.com/track/2BEcap3xJtmiPaHKyfQi4e
84,"Dark Red","Steve Lacy",8112858,https://open.spotify.com/track/37y7iDayfwm3WXn5BiAoRk
85,"Life Goes On","Oliver Tree",7996431,https://open.spotify.com/track/0eu4C55hL6x29mmeAjytzC
86,"Better Days (NEIKED x Mae Muller x Polo G)",NEIKED,7933920,https://open.spotify.com/track/6f5ExP43esnvdKPddwKXJH
87,"You Right","Doja Cat",7790200,https://open.spotify.com/track/0k4d5YPDr1r7FX77VdqWez
88,Butter,BTS,7755465,https://open.spotify.com/track/1mWdTewIgB3gtBM3TOSFhB
89,"SAD GIRLZ LUV MONEY Remix (feat. Kali Uchis and Moliy)",Amaarae,7747830,https://open.spotify.com/track/09gysnJpfQ3ublBmJDfcEC
90,Dynamite,BTS,7716670,https://open.spotify.com/track/5QDLhrAOJJdNAmCTJ8xMyW
91,"deja vu","Olivia Rodrigo",7683109,https://open.spotify.com/track/6HU7h9RYOaPRFeh0R3UeAr
92,"Phantom Regret by Jim","The Weeknd",7629008,https://open.spotify.com/track/1NlK2NtpuUazpziLhnJwEV
93,"Someone You Loved","Lewis Capaldi",7558076,https://open.spotify.com/track/7qEHsqek33rTcFNT9PFqLf
94,"thought i was playing",Gunna,7379453,https://open.spotify.com/track/3XLbDUB5BX2WqL2qoAsvtb
95,"Volando - Remix",Mora,7329506,https://open.spotify.com/track/0G2zPzWqVjR68iNPmx2TBe
96,"Don't Start Now","Dua Lipa",7288461,https://open.spotify.com/track/3PfIrDoz19wz7qK7tYeu62
97,Believer,"Imagine Dragons",7286204,https://open.spotify.com/track/0pqnGHJpmpxLKifKRmU6WP
98,"Salimo de Noche","Tiago PZK",7193066,https://open.spotify.com/track/6P096SaOzrgGxs8NWOfX7M
99,"Leave The Door Open","Bruno Mars",7181617,https://open.spotify.com/track/1LPSkqVhWVRUkKE03YUkpB
100,"TO THE MOON","Jnr Choi",7173091,https://open.spotify.com/track/0hYFc3HSZHDaDzquLVRwBH
101,"Lost in the Fire (feat. The Weeknd)",Gesaffelstein,7150919,https://open.spotify.com/track/2vXKRlJBXyOcvZYTdNeckS
102,"LA FAMA (with The Weeknd)",ROSALÍA,7107165,https://open.spotify.com/track/6dmXZ9B5HdFAyzHeTneYBK
103,"Don't Be Shy",Tiësto,7051405,https://open.spotify.com/track/0bI7K9Becu2dtXK1Q3cZNB
104,"Knife Talk (with 21 Savage ft. Project Pat)",Drake,7031718,https://open.spotify.com/track/2BcMwX1MPV6ZHP4tUT9uq6
105,"lovely (with Khalid)","Billie Eilish",6934093,https://open.spotify.com/track/0u2P5u6lvoDfwTYjAADbn4
106,"Another Love","Tom Odell",6875651,https://open.spotify.com/track/7jtQIBanIiJOMS6RyCx6jZ
107,"The Family Madrigal","Stephanie Beatriz",6834955,https://open.spotify.com/track/4b1yxSdlumA8N4fEk4UOZp
108,"Without Me",Eminem,6765572,https://open.spotify.com/track/7lQ8MOhq6IN2w8EYcFNSUk
109,"Vai Lá Em Casa Hoje","George Henrique & Rodrigo",6715222,https://open.spotify.com/track/1c4htMHiolERc0YJvZNdlc
110,"Mood (feat. iann dior)",24kGoldn,6702300,https://open.spotify.com/track/4jPy3l0RUwlUI9T5XHBW2m
111,Freaks,"Surf Curse",6701215,https://open.spotify.com/track/7EkWXAI1wn8Ii883ecd9xr
112,"Dos Oruguitas","Sebastian Yatra",6651000,https://open.spotify.com/track/5rohUzwEoRsUvAA1Bf3DLo
113,Acapulco,"Jason Derulo",6649835,https://open.spotify.com/track/3eJH2nAjvNXdmPfBkALiPZ
114,"DANCE CRIP",Trueno,6592979,https://open.spotify.com/track/1kjs5eR4DMzyB0gm1Z8waV
115,"Love Grows (Where My Rosemary Goes)","Edison Lighthouse",6589275,https://open.spotify.com/track/5Ts1DYOuouQLgzTaisxWYh
116,"Daddy Issues","The Neighbourhood",6523787,https://open.spotify.com/track/5E30LdtzQTGqRvNd7l6kG5
117,"What Else Can I Do?","Diane Guerrero",6397908,https://open.spotify.com/track/3XoYqtiWHhsk59frZupImG
118,ELEVEN,IVE,6374358,https://open.spotify.com/track/7n2FZQsaLb7ZRfRPfEeIvr
119,Perfect,"Ed Sheeran",6350259,https://open.spotify.com/track/0tgVpDi06FyKpA1z0VMD4v
120,Heather,"Conan Gray",6318608,https://open.spotify.com/track/4xqrdfXkTW4T0RauPLv3WA
121,Sobrio,Maluma,6290197,https://open.spotify.com/track/4HzqWEdAbzcVFDv0pvxV4w
122,Peru,"Fireboy DML",6279942,https://open.spotify.com/track/4hJhHbkhZFnxmWbAkZRoe0
123,"Rolling in the Deep",Adele,6222028,https://open.spotify.com/track/6IAZHEBUIGJ6NJKxxOBIEr
124,happier,"Olivia Rodrigo",6221080,https://open.spotify.com/track/2tGvwE8GcFKwNdAXMnlbfl
125,"MIDDLE OF THE NIGHT","Elley Duhé",6212543,https://open.spotify.com/track/58HvfVOeJY7lUuCqF0m3ly
126,"Locked out of Heaven","Bruno Mars",6209927,https://open.spotify.com/track/5g7sDjBhZ4I3gcFIpkrLuI
127,Yellow,Coldplay,6200610,https://open.spotify.com/track/3AJwUDP919kvQ9QcozQPxg
128,"Get Into It (Yuh)","Doja Cat",6191817,https://open.spotify.com/track/0W6I02J9xcqK8MtSeosEXb
129,"Praise God","Kanye West",6160262,https://open.spotify.com/track/0WSEq9Ko4kFPt8yo3ICd6T
130,Sky,"Playboi Carti",6149446,https://open.spotify.com/track/29TPjc8wxfz4XMn21O7VsZ
131,"The Real Slim Shady",Eminem,6125752,https://open.spotify.com/track/3yfqSUWxFvZELEM4PmlwIR
132,Thunder,"Gabry Ponte",6106341,https://open.spotify.com/track/2USlegnFJLrVLpoVfPimKB
133,"Before You Go","Lewis Capaldi",6103960,https://open.spotify.com/track/2gMXnyrvIjhVBUZwvLZDMP
134,"The Business",Tiësto,6076343,https://open.spotify.com/track/6f3Slt0GbA2bPZlz0aIFXN
135,"Miserable Man","David Kushner",6048754,https://open.spotify.com/track/6gPPoRYJwCsoB2VVdPJfmo
136,"Esqueça-Me Se For Capaz","Marília Mendonça",6033256,https://open.spotify.com/track/4qsOrxBv09HhNSpsgMRXdC
137,positions,"Ariana Grande",5974113,https://open.spotify.com/track/35mvY5S1H3J2QZyna3TFe0
138,"I WANNA BE YOUR SLAVE",Måneskin,5951207,https://open.spotify.com/track/4pt5fDVTg5GhEvEtlz9dKk
139,"favorite crime","Olivia Rodrigo",5921683,https://open.spotify.com/track/5JCoSi02qi3jJeHdZXMmR8
140,2055,"Sleepy Hallow",5883775,https://open.spotify.com/track/4XvcHTUfIlWfyJTRG0aqlo
141,"25k jacket (feat. Lil Baby)",Gunna,5873003,https://open.spotify.com/track/0boodYr1uIpSVmGSP65Fmk
142,"Astronaut In The Ocean","Masked Wolf",5870106,https://open.spotify.com/track/6E90gq0KO6FYZVOXx8kCcC
143,"The Hills","The Weeknd",5868583,https://open.spotify.com/track/7fBv7CLKzipRk6EC6TWHOB
144,"Ley Seca","Jhay Cortez",5857667,https://open.spotify.com/track/3JCaq3KDSROg3TXhdiDa9n
145,"Dance Monkey","Tones And I",5845179,https://open.spotify.com/track/2N8m6CYs74qQO4mjVcXO30
146,"alotta cake",Gunna,5835703,https://open.spotify.com/track/2iCDO8ePNuCvMiMFc0FQdA
147,"No Lie","Sean Paul",5816323,https://open.spotify.com/track/48QmG1dfvMuYLxMPt7KSRA
148,"The Nights",Avicii,5799312,https://open.spotify.com/track/0ct6r3EGTcMLPtrXHDvVjc
149,"Counting Stars",OneRepublic,5781248,https://open.spotify.com/track/2tpWsVSb9UEmDRxAl1zhX1
150,"Way 2 Sexy (with Future & Young Thug)",Drake,5775630,https://open.spotify.com/track/0k1WUmIRnG3xU6fvvDVfRG
151,"Shape of You","Ed Sheeran",5764562,https://open.spotify.com/track/7qiZfU4dY1lWllzX7mPBI3
152,"Die For You","The Weeknd",5757845,https://open.spotify.com/track/2LBqCSwhJGcFQeTHMVGwy3
153,"OUT OUT (feat. Charli XCX & Saweetie)","Joel Corry",5756873,https://open.spotify.com/track/6Dy1jexKYriXAVG6evyUTJ
154,Circles,"Post Malone",5748871,https://open.spotify.com/track/21jGcNKet2qwijlDFuPiPb
155,"Qué Más Pues?","J Balvin",5746363,https://open.spotify.com/track/6D2TCm4nf5nxAcdGJ7w3QP
156,"Friday (feat. Mufasa & Hypeman) - Dopamine Re-Edit",Riton,5741857,https://open.spotify.com/track/4cG7HUWYHBV6R6tHn1gxrl
157,Cúrame,"Rauw Alejandro",5724502,https://open.spotify.com/track/1FlL8ycld6uVDDyhV7P5FA
158,"The Feels",TWICE,5722518,https://open.spotify.com/track/1qE8DOtw7zdXHMgZm20eLM
159,"Talking to the Moon","Bruno Mars",5690273,https://open.spotify.com/track/161DnLWsx1i3u1JT05lzqU
160,"mop (feat. Young Thug)",Gunna,5679681,https://open.spotify.com/track/2ZGEjmwyeZ3rpEezkZwqOP
161,"Heartbreak Anniversary",Giveon,5679397,https://open.spotify.com/track/3FAJ6O0NOHQV8Mc5Ri6ENp
162,"Take Me To Church",Hozier,5675208,https://open.spotify.com/track/3dYD57lRAUcMHufyqn9GcI
163,"Lucid Dreams","Juice WRLD",5673891,https://open.spotify.com/track/285pBltuF7vW8TeWk8hdRR
164,"AM Remix","Nio Garcia",5671323,https://open.spotify.com/track/05bfbizlM5AX6Mf1RRyMho
165,"Why'd You Only Call Me When You're High?","Arctic Monkeys",5661457,https://open.spotify.com/track/48q0vSHcJdhK3IiXH8C5WJ
166,"Smells Like Teen Spirit - Remastered",Nirvana,5660164,https://open.spotify.com/track/0gucTLf7trAf37Ua1uAyAu
167,"Take My Breath - Single Version","The Weeknd",5656219,https://open.spotify.com/track/6M3PsepEj5gyJoIi7Xvr7u
168,Shallow,"Lady Gaga",5624453,https://open.spotify.com/track/2VxeLyX666F8uXCJ0dZF8B
169,"you broke me first","Tate McRae",5616046,https://open.spotify.com/track/45bE4HXI0AwGZXfZtMp8JR
170,Bar,TINI,5615787,https://open.spotify.com/track/0lJE8f0lx8mUSfMyxeYpiC
171,505,"Arctic Monkeys",5606655,https://open.spotify.com/track/58ge6dfP91o9oXMzq3XkIS
172,Bored,"Billie Eilish",5601632,https://open.spotify.com/track/04sN26COy28wTXYj3dMoiZ
173,"Pope Is a Rockstar",SALES,5600646,https://open.spotify.com/track/0So2sgVa8aJiARPl2P29u2
174,"Mr. Brightside","The Killers",5600080,https://open.spotify.com/track/003vvx7Niy0yvhvHt4a68B
175,"Toma Toma Vapo Vapo","Zé Felipe",5598108,https://open.spotify.com/track/5VTjBl3ddZEiG2LrH4VzyR
176,"All of Me","John Legend",5563960,https://open.spotify.com/track/3U4isOIWM3VvDubwSI3y7a
177,"Happier Than Ever - Edit","Billie Eilish",5552712,https://open.spotify.com/track/32BeYxKPrig1LefHsC0Xuo
178,"Every Summertime",NIKI,5539950,https://open.spotify.com/track/68HocO7fx9z0MgDU0ZPHro
179,"Fair Trade (with Travis Scott)",Drake,5527494,https://open.spotify.com/track/40iJIUlhi6renaREYGeIDS
180,"Bloqueado - Ao Vivo","Gusttavo Lima",5500938,https://open.spotify.com/track/6nkoWsFZeFt5dUdNmlIceh
181,"Enemy - From the series Arcane League of Legends","Imagine Dragons",5489922,https://open.spotify.com/track/5UlnuulVAVmmesw4VzqHdG
182,"Say You Won't Let Go","James Arthur",5487171,https://open.spotify.com/track/5uCax9HTNlzGybIStD3vDh
183,Arcade,"Duncan Laurence",5486252,https://open.spotify.com/track/1J14CdDAvBTE1AJYUOwl6C
184,Pandora,"DJ Matt D",5479072,https://open.spotify.com/track/0yL7K9MzC20uBesZTPY81r
185,RAPSTAR,"Polo G",5466233,https://open.spotify.com/track/18vXApRmJSgQ6wG2ll9AOg
186,"Blank Space","Taylor Swift",5438050,https://open.spotify.com/track/1u8c2t2Cy7UBoG4ArRcF5g
187,Streets,"Doja Cat",5431665,https://open.spotify.com/track/60ynsPSSKe6O3sfwRnIBRf
188,"Se Le Ve","Dímelo Flow",5429947,https://open.spotify.com/track/5W1qmxHrMlQGGAiFA3ZQqP
189,"family ties (with Kendrick Lamar)","Baby Keem",5426660,https://open.spotify.com/track/3QFInJAm9eyaho5vBzxInN
190,"When I’m Gone (with Katy Perry)",Alesso,5415421,https://open.spotify.com/track/5902W4uHWzhtOff1UK7the
191,"Bohemian Rhapsody - Remastered 2011",Queen,5414622,https://open.spotify.com/track/4u7EnebtmKWzUH433cf5Qv
192,Memories,"Maroon 5",5399066,https://open.spotify.com/track/4cktbXiXOapiLBMprHFErI
193,Miénteme,TINI,5385105,https://open.spotify.com/track/0cOa970mzTWAxKtltpkpLc
194,Enchanted,"Taylor Swift",5377619,https://open.spotify.com/track/04S1pkp1VaIqjg8zZqknR5
195,"Leave Before You Love Me (with Jonas Brothers)",Marshmello,5327133,https://open.spotify.com/track/4qu63nuBpdn0qHUHuObEj1
196,"Permission to Dance",BTS,5311836,https://open.spotify.com/track/3XYRV7ZSHqIRDG87DKTtry
197,Starboy,"The Weeknd",5310334,https://open.spotify.com/track/7MXVkk9YMctZqd1Srtv4MB
198,Señorita,"Shawn Mendes",5299432,https://open.spotify.com/track/6v3KW9xbzN5yKLt9YKDYA2
199,"'Till I Collapse",Eminem,5281784,https://open.spotify.com/track/4xkOaSrkexMciUUogZKVTS
200,Riptide,"Vance Joy",5265901,https://open.spotify.com/track/7yq4Qj7cqayVTp3FF9CWbm
