,,,"Note that these figures are generated using a formula that protects against any artificial inflation of chart positions.",
Position,"Track Name",Artist,Streams,URL
1,"Easy On Me",Adele,42352529,https://open.spotify.com/track/46IZ0fSY2mpAiktS3KOqds
2,"STAY (with Justin Bieber)","The Kid LAROI",34750612,https://open.spotify.com/track/5PjdY0CKGZdEuoNab3yDmX
3,"INDUSTRY BABY (feat. Jack Harlow)","Lil Nas X",30042425,https://open.spotify.com/track/5Z9KJZvQzH6PFmb8SNkxuk
4,abcdefu,GAYLE,27565067,https://open.spotify.com/track/4fouWK6XVHhzl78KzQ1UjL
5,"Cold Heart - PNAU Remix","Elton John",27005069,https://open.spotify.com/track/7rglLriMNBPAyuJOMGwi39
6,"Heat Waves","Glass Animals",26634236,https://open.spotify.com/track/02MWAaffLxlfxAUY7c5dvx
7,"All Too Well (10 Minute Version) (Taylor's Version) (From The Vault)","Taylor Swift",24846204,https://open.spotify.com/track/5enxwA8aAbwZbf5qCHORXi
8,"Enemy (with JID) - from the series Arcane League of Legends","Imagine Dragons",24384563,https://open.spotify.com/track/1r9xUipOqoNwggBpENDsvJ
9,"All I Want for Christmas Is You","Mariah Carey",24176108,https://open.spotify.com/track/0bYg9bo50gSsH3LtXe2SQn
10,Shivers,"Ed Sheeran",22838373,https://open.spotify.com/track/50nfwKoDiSYg8zOCREWAm5
11,Pepas,Farruko,20821331,https://open.spotify.com/track/2B4GHvToeLTOBB4QLzW3Ni
12,"Oh My God",Adele,20738033,https://open.spotify.com/track/3Kkjo3cT83cw09VJyrLNwX
13,"Bad Habits","Ed Sheeran",20127727,https://open.spotify.com/track/3rmo8F54jFF8OgYsqTxm5d
14,"Last Christmas",Wham!,19349663,https://open.spotify.com/track/2FRnf9qhLbvw8fu4IBXx78
15,"Do It To It",ACRAZE,18263481,https://open.spotify.com/track/20on25jryn53hWghthWWW3
16,"My Universe",Coldplay,18173774,https://open.spotify.com/track/46HNZY1i7O6jwTA7Slo2PI
17,Woman,"Doja Cat",17757787,https://open.spotify.com/track/6Uj1ctrBOjOas8xZXGqKk4
18,"Smokin Out The Window","Bruno Mars",16857004,https://open.spotify.com/track/7sMBvZCSUl99bJLXZaLa0b
19,"good 4 u","Olivia Rodrigo",16424756,https://open.spotify.com/track/4ZtFanR9U6ndgddUvNcjcG
20,MONEY,LISA,16233494,https://open.spotify.com/track/7hU3IHwjX150XLoTVmjD0q
21,"It's Beginning to Look a Lot like Christmas","Michael Bublé",15504798,https://open.spotify.com/track/0lLdorYw7lVrJydTINhWdI
22,"love nwantiti (ah ah ah)",CKay,15408500,https://open.spotify.com/track/2Xr1dTzJee307rmrkt8c0g
23,Toxic,BoyWithUke,15116427,https://open.spotify.com/track/2gQPv5jvVPqU2a9HhMNO1v
24,"One Right Now (with The Weeknd)","Post Malone",15011719,https://open.spotify.com/track/00Blm7zeNqgYLPtW6zg8cj
25,"Jingle Bell Rock","Bobby Helms",14983449,https://open.spotify.com/track/7vQbuQcyTflfCIOu3Uzzya
26,"Kiss Me More (feat. SZA)","Doja Cat",14591571,https://open.spotify.com/track/3DarAbFujv6eYNliUTyqtz
27,"Need to Know","Doja Cat",14472775,https://open.spotify.com/track/3Vi5XqYrmQgOYBajMWSvCi
28,"Rockin' Around The Christmas Tree","Brenda Lee",14460190,https://open.spotify.com/track/2EjXfH91m7f8HiJN1yQg97
29,"MONTERO (Call Me By Your Name)","Lil Nas X",14410769,https://open.spotify.com/track/1SC5rEoYDGUK4NfG82494W
30,Beggin',Måneskin,14353380,https://open.spotify.com/track/3Wrjm47oTz2sjIgck11l5e
31,"love nwantiti (feat. Dj Yo! & AX'EL) - Remix",CKay,14120408,https://open.spotify.com/track/4gvrJnKCKIPiacNsWVQwEU
32,"THATS WHAT I WANT","Lil Nas X",14013683,https://open.spotify.com/track/0e8nrvls4Qqv5Rfa2UhqmO
33,"Santa Tell Me","Ariana Grande",13437236,https://open.spotify.com/track/0lizgQ7Qw35od7CYaoMBZb
34,"Happier Than Ever","Billie Eilish",13379566,https://open.spotify.com/track/4RVwu0g32PAqgUiJoXsdF8
35,Ghost,"Justin Bieber",13171012,https://open.spotify.com/track/6I3mqTwhRpn34SLVafSH7G
36,"SAD GIRLZ LUV MONEY Remix (feat. Kali Uchis and Moliy)",Amaarae,12963520,https://open.spotify.com/track/09gysnJpfQ3ublBmJDfcEC
37,Yonaguni,"Bad Bunny",12839397,https://open.spotify.com/track/2JPLbjOn0wPCngEot2STUS
38,"Lo Siento BB:/ (with Bad Bunny & Julieta Venegas)",Tainy,12714313,https://open.spotify.com/track/4gzsuuZypVbxs0Af1LSZyB
39,"Where Are You Now","Lost Frequencies",12647810,https://open.spotify.com/track/3uUuGVFu1V7jTQL60S1r8z
40,"Blinding Lights","The Weeknd",12607536,https://open.spotify.com/track/0VjIjW4GlUZAMYd2vXMi3b
41,"It's the Most Wonderful Time of the Year","Andy Williams",12384038,https://open.spotify.com/track/1IcR6RlgvDczfvoWJSSY2A
42,"Moth To A Flame (with The Weeknd)","Swedish House Mafia",12378093,https://open.spotify.com/track/2gpWyfu7eZ01zzncHpxOtA
43,"Can I Get It",Adele,12155484,https://open.spotify.com/track/6w8ZPYdnGajyfPddTWdthN
44,traitor,"Olivia Rodrigo",11835960,https://open.spotify.com/track/5CZ40GBx1sQ9agT82CLQCT
45,"Meet Me At Our Spot","THE ANXIETY",11395793,https://open.spotify.com/track/07MDkzWARZaLEdKxo6yArG
46,"I Love You So","The Walters",11036726,https://open.spotify.com/track/4SqWKzw0CbA05TGszDgMlc
47,"Life Goes On","Oliver Tree",10877287,https://open.spotify.com/track/0eu4C55hL6x29mmeAjytzC
48,"Mon Amour - Remix",zzoilo,10867242,https://open.spotify.com/track/5TMLavqGRKNxgzMBrVpC9R
49,"Todo De Ti","Rauw Alejandro",10845308,https://open.spotify.com/track/5RwV8BvLfX5injfqYodke9
50,"drivers license","Olivia Rodrigo",10768772,https://open.spotify.com/track/5wANPM4fQCJwkGd4rN57mH
51,"I Drink Wine",Adele,10702077,https://open.spotify.com/track/6v0UJD4a2FtleHeSYVX02A
52,"Levitating (feat. DaBaby)","Dua Lipa",10682624,https://open.spotify.com/track/5nujrmhLynf4yMoMtj8AQF
53,Mistletoe,"Justin Bieber",10577002,https://open.spotify.com/track/7xapw9Oy21WpfEcib2ErSA
54,"White Christmas","Bing Crosby",10541661,https://open.spotify.com/track/4so0Wek9Ig1p6CRCHuINwW
55,"Sweater Weather","The Neighbourhood",10365870,https://open.spotify.com/track/2QjOHCTQ1Jl3zawyYOpxh6
56,"Better Days (NEIKED x Mae Muller x Polo G)",NEIKED,10251925,https://open.spotify.com/track/6f5ExP43esnvdKPddwKXJH
57,"LA FAMA (with The Weeknd)",ROSALÍA,10169726,https://open.spotify.com/track/6dmXZ9B5HdFAyzHeTneYBK
58,Volví,Aventura,10133832,https://open.spotify.com/track/2vmfvSoZBFAt9hhRoEByLi
59,"My Little Love",Adele,10079245,https://open.spotify.com/track/2DuPBbS5mIldXnh7Wum8Cy
60,"Feliz Navidad","José Feliciano",10073595,https://open.spotify.com/track/3qCeq0rWK67SoBDgFd2sId
61,"Underneath the Tree","Kelly Clarkson",9908761,https://open.spotify.com/track/3nAp4IvdMPPWEH9uuXFFV5
62,"Peaches (feat. Daniel Caesar & Giveon)","Justin Bieber",9861688,https://open.spotify.com/track/4iJyoBOLtHqaGxP12qzhQI
63,Snowman,Sia,9785868,https://open.spotify.com/track/7uoFMmxln0GPXQ0AcCBXRq
64,"Save Your Tears (with Ariana Grande) (Remix)","The Weeknd",9571228,https://open.spotify.com/track/37BZB0z9T8Xu7U3e65qxFy
65,Nostálgico,Rvssian,9530016,https://open.spotify.com/track/2BEcap3xJtmiPaHKyfQi4e
66,"Leave The Door Open","Bruno Mars",9389749,https://open.spotify.com/track/1LPSkqVhWVRUkKE03YUkpB
67,"Watermelon Sugar","Harry Styles",9143299,https://open.spotify.com/track/6UelLqGlWMcVH1E5c4H7lY
68,Butter,BTS,9033548,https://open.spotify.com/track/2bgTY4UwhfBYhGT4HUYStN
69,"Way 2 Sexy (with Future & Young Thug)",Drake,8983451,https://open.spotify.com/track/0k1WUmIRnG3xU6fvvDVfRG
70,"Let It Snow! Let It Snow! Let It Snow! (with The B. Swanson Quartet)","Frank Sinatra",8893289,https://open.spotify.com/track/4kKdvXD0ez7jp1296JmAts
71,DÁKITI,"Bad Bunny",8872568,https://open.spotify.com/track/4MzXwWMhyBbmu6hOcLVD49
72,"The Christmas Song (Merry Christmas To You)","Nat King Cole",8845475,https://open.spotify.com/track/4PS1e8f2LvuTFgUs1Cn3ON
73,"Don't Be Shy",Tiësto,8783728,https://open.spotify.com/track/0bI7K9Becu2dtXK1Q3cZNB
74,"Salimo de Noche","Tiago PZK",8728373,https://open.spotify.com/track/6P096SaOzrgGxs8NWOfX7M
75,"Sleigh Ride","The Ronettes",8714081,https://open.spotify.com/track/7fUYUcWy853HS8YJn0b3Sr
76,"Save Your Tears","The Weeknd",8696296,https://open.spotify.com/track/5QO79kh1waicV47BqGRL3g
77,"Praise God","Kanye West",8613050,https://open.spotify.com/track/0WSEq9Ko4kFPt8yo3ICd6T
78,"Driving Home for Christmas - 2019 Remaster","Chris Rea",8519756,https://open.spotify.com/track/27qAMKrDdKEs8HDXcvR24R
79,"DANCE CRIP",Trueno,8460035,https://open.spotify.com/track/1kjs5eR4DMzyB0gm1Z8waV
80,"Knife Talk (with 21 Savage ft. Project Pat)",Drake,8450584,https://open.spotify.com/track/2BcMwX1MPV6ZHP4tUT9uq6
81,"Rolling in the Deep",Adele,8392187,https://open.spotify.com/track/6IAZHEBUIGJ6NJKxxOBIEr
82,"Holly Jolly Christmas","Michael Bublé",8294697,https://open.spotify.com/track/6tjituizSxwSmBB5vtgHZE
83,"Let It Snow! Let It Snow! Let It Snow!","Dean Martin",8219120,https://open.spotify.com/track/2uFaJJtFpPDc5Pa95XzTvg
84,"Overpass Graffiti","Ed Sheeran",8156886,https://open.spotify.com/track/4btFHqumCO31GksfuBLLv3
85,Enchanted,"Taylor Swift",8127964,https://open.spotify.com/track/04S1pkp1VaIqjg8zZqknR5
86,"You Right","Doja Cat",8091663,https://open.spotify.com/track/0k4d5YPDr1r7FX77VdqWez
87,"Volando - Remix",Mora,8079536,https://open.spotify.com/track/0G2zPzWqVjR68iNPmx2TBe
88,"deja vu","Olivia Rodrigo",8024502,https://open.spotify.com/track/6HU7h9RYOaPRFeh0R3UeAr
89,"Wonderful Christmastime - Edited Version / Remastered 2011","Paul McCartney",7982697,https://open.spotify.com/track/1SV1fxF65n9NhRHp3KlBuu
90,"Happy Xmas (War Is Over) - Remastered 2010","John Lennon",7974578,https://open.spotify.com/track/27RYrbL6S02LNVhDWVl38b
91,Dynamite,BTS,7956391,https://open.spotify.com/track/4saklk6nie3yiGePpBwUoc
92,"Someone You Loved","Lewis Capaldi",7930789,https://open.spotify.com/track/7qEHsqek33rTcFNT9PFqLf
93,"Dark Red","Steve Lacy",7928718,https://open.spotify.com/track/37y7iDayfwm3WXn5BiAoRk
94,"Do They Know It's Christmas? - 1984 Version","Band Aid",7905102,https://open.spotify.com/track/0247StOpd3AkeBQzANX4Zf
95,Sobrio,Maluma,7829559,https://open.spotify.com/track/4HzqWEdAbzcVFDv0pvxV4w
96,2055,"Sleepy Hallow",7807809,https://open.spotify.com/track/4XvcHTUfIlWfyJTRG0aqlo
97,Cúrame,"Rauw Alejandro",7774254,https://open.spotify.com/track/3PwRuzdphgedcWVUOVYJ7I
98,"Already Dead","Juice WRLD",7725486,https://open.spotify.com/track/7qM1BWAsZMTYh4BcYLb0uQ
99,"The Feels",TWICE,7723877,https://open.spotify.com/track/1qE8DOtw7zdXHMgZm20eLM
100,"Don't Start Now","Dua Lipa",7645695,https://open.spotify.com/track/3PfIrDoz19wz7qK7tYeu62
101,"Esqueça-Me Se For Capaz","Marília Mendonça",7638966,https://open.spotify.com/track/4qsOrxBv09HhNSpsgMRXdC
102,"Merry Christmas Everyone","Shakin' Stevens",7549251,https://open.spotify.com/track/2TE4xW3ImvpltVU0cPcKUn
103,"I WANNA BE YOUR SLAVE",Måneskin,7329575,https://open.spotify.com/track/4pt5fDVTg5GhEvEtlz9dKk
104,"Ley Seca","Jhay Cortez",7258947,https://open.spotify.com/track/3JCaq3KDSROg3TXhdiDa9n
105,"To Be Loved",Adele,7254392,https://open.spotify.com/track/10ImcQk9tihY1EKMDIbvXJ
106,Infinity,"Jaymes Young",7225110,https://open.spotify.com/track/1SOClUWhOi8vHZYMz3GluK
107,Believer,"Imagine Dragons",7167780,https://open.spotify.com/track/0pqnGHJpmpxLKifKRmU6WP
108,"lovely (with Khalid)","Billie Eilish",7124077,https://open.spotify.com/track/0u2P5u6lvoDfwTYjAADbn4
109,"Get Into It (Yuh)","Doja Cat",7092133,https://open.spotify.com/track/0W6I02J9xcqK8MtSeosEXb
110,"OUT OUT (feat. Charli XCX & Saweetie)","Joel Corry",7070751,https://open.spotify.com/track/6Dy1jexKYriXAVG6evyUTJ
111,"Tacones Rojos","Sebastian Yatra",7046234,https://open.spotify.com/track/0Be7sopyKMv8Y8npsUkax2
112,Bar,TINI,7045670,https://open.spotify.com/track/0lJE8f0lx8mUSfMyxeYpiC
113,"Mood (feat. iann dior)",24kGoldn,7020252,https://open.spotify.com/track/4jPy3l0RUwlUI9T5XHBW2m
114,"Qué Más Pues?","J Balvin",6807313,https://open.spotify.com/track/6D2TCm4nf5nxAcdGJ7w3QP
115,"Cry Your Heart Out",Adele,6789174,https://open.spotify.com/track/09u787BYeYIGd2mFIJ505t
116,"family ties (with Kendrick Lamar)","Baby Keem",6732615,https://open.spotify.com/track/3QFInJAm9eyaho5vBzxInN
117,Freaks,"Surf Curse",6714751,https://open.spotify.com/track/7EkWXAI1wn8Ii883ecd9xr
118,Dandelions,"Ruth B.",6677071,https://open.spotify.com/track/2eAvDnpXP5W0cVtiI0PUxV
119,"GHOST TOWN","Benson Boone",6665266,https://open.spotify.com/track/135Lf4Q0CzlMNfOxbEUsLH
120,Medallo,Blessd,6657951,https://open.spotify.com/track/6lX6l7OuA3qrnIRfdsr0dw
121,"Another Love","Tom Odell",6651138,https://open.spotify.com/track/7jtQIBanIiJOMS6RyCx6jZ
122,happier,"Olivia Rodrigo",6649795,https://open.spotify.com/track/2tGvwE8GcFKwNdAXMnlbfl
123,"Happier Than Ever - Edit","Billie Eilish",6644152,https://open.spotify.com/track/32BeYxKPrig1LefHsC0Xuo
124,"Fair Trade (with Travis Scott)",Drake,6633989,https://open.spotify.com/track/40iJIUlhi6renaREYGeIDS
125,Súbelo,"Anuel AA",6629453,https://open.spotify.com/track/3xv8JksRyqHa1lwkM9xvJf
126,"Vai Lá Em Casa Hoje","George Henrique & Rodrigo",6625558,https://open.spotify.com/track/1c4htMHiolERc0YJvZNdlc
127,Heather,"Conan Gray",6618768,https://open.spotify.com/track/4xqrdfXkTW4T0RauPLv3WA
128,Acapulco,"Jason Derulo",6603069,https://open.spotify.com/track/3eJH2nAjvNXdmPfBkALiPZ
129,"I AM WOMAN","Emmy Meli",6601467,https://open.spotify.com/track/3nOz1U41SZZ0N3fuUWr9nb
130,"The Motto",Tiësto,6539215,https://open.spotify.com/track/18asYwWugKjjsihZ0YvRxO
131,"Strangers By Nature",Adele,6524483,https://open.spotify.com/track/13CVSGLSFl4UxpDVR6u3dq
132,Sky,"Playboi Carti",6523610,https://open.spotify.com/track/29TPjc8wxfz4XMn21O7VsZ
133,"Sunflower - Spider-Man: Into the Spider-Verse","Post Malone",6500915,https://open.spotify.com/track/0RiRZpuVRbi7oqRdSMwhQY
134,"Before You Go","Lewis Capaldi",6496813,https://open.spotify.com/track/2gMXnyrvIjhVBUZwvLZDMP
135,"Step Into Christmas","Elton John",6487694,https://open.spotify.com/track/6sBWmE23q6xQHlnEZ8jYPT
136,Bored,"Billie Eilish",6455752,https://open.spotify.com/track/04sN26COy28wTXYj3dMoiZ
137,"Someone Like You",Adele,6444733,https://open.spotify.com/track/5lkpeJwmQKgY3bX2zChjxX
138,positions,"Ariana Grande",6424530,https://open.spotify.com/track/35mvY5S1H3J2QZyna3TFe0
139,"Permission to Dance",BTS,6417368,https://open.spotify.com/track/5eXBXreN3d1zdj6Sa8dS0u
140,Perfect,"Ed Sheeran",6389351,https://open.spotify.com/track/0tgVpDi06FyKpA1z0VMD4v
141,"SG (with Ozuna, Megan Thee Stallion & LISA of BLACKPINK)","DJ Snake",6341371,https://open.spotify.com/track/6IPNp9PfaEqrzotY47TIWy
142,"Take My Breath - Single Version","The Weeknd",6332753,https://open.spotify.com/track/6M3PsepEj5gyJoIi7Xvr7u
143,"Todo Mundo Menos Você","Marília Mendonça",6331079,https://open.spotify.com/track/053zWWZDziDJd3U94x8RuP
144,"Astronaut In The Ocean","Masked Wolf",6280200,https://open.spotify.com/track/6E90gq0KO6FYZVOXx8kCcC
145,Circles,"Post Malone",6212561,https://open.spotify.com/track/21jGcNKet2qwijlDFuPiPb
146,"Dance Monkey","Tones And I",6199302,https://open.spotify.com/track/2N8m6CYs74qQO4mjVcXO30
147,Presepada,"Marília Mendonça",6183477,https://open.spotify.com/track/3YvE7uo4ffseBoJPh8IhHp
148,"All Too Well (Taylor's Version)","Taylor Swift",6181177,https://open.spotify.com/track/3nsfB1vus2qaloUdcBZvDu
149,"AM Remix","Nio Garcia",6175938,https://open.spotify.com/track/05bfbizlM5AX6Mf1RRyMho
150,Notion,"The Rare Occasions",6132446,https://open.spotify.com/track/0sTlGEld0h8kIPZaKDYUf4
151,"It's Beginning to Look a Lot Like Christmas (with Mitchell Ayres & His Orchestra)","Perry Como",6124034,https://open.spotify.com/track/2pXpURmn6zC5ZYDMms6fwa
152,"Arranhão - Ao Vivo","Henrique & Juliano",6118135,https://open.spotify.com/track/4u06FbRh6FvV2FQZkouzCw
153,"The Business",Tiësto,6097082,https://open.spotify.com/track/6f3Slt0GbA2bPZlz0aIFXN
154,Yellow,Coldplay,6025926,https://open.spotify.com/track/3AJwUDP919kvQ9QcozQPxg
155,"Daddy Issues","The Neighbourhood",6025080,https://open.spotify.com/track/5E30LdtzQTGqRvNd7l6kG5
156,"Shape of You","Ed Sheeran",6014879,https://open.spotify.com/track/7qiZfU4dY1lWllzX7mPBI3
157,Índigo,Camilo,6009650,https://open.spotify.com/track/4knc1Fp3kbuq8bH2byOvLu
158,Shallow,"Lady Gaga",5991962,https://open.spotify.com/track/2VxeLyX666F8uXCJ0dZF8B
159,"Hold On",Adele,5983651,https://open.spotify.com/track/6bGMSP3H9YqkmaLnaJTIoF
160,"Lucid Dreams","Juice WRLD",5981892,https://open.spotify.com/track/285pBltuF7vW8TeWk8hdRR
161,RAPSTAR,"Polo G",5978244,https://open.spotify.com/track/18vXApRmJSgQ6wG2ll9AOg
162,"Take Me To Church",Hozier,5946024,https://open.spotify.com/track/3dYD57lRAUcMHufyqn9GcI
163,GALOPA,"PEDRO SAMPAIO",5940363,https://open.spotify.com/track/2wG1R0uDFwyobcWzVssC1J
164,Ameaça,"Paulo Pires",5930526,https://open.spotify.com/track/4fSHADbZbhpZCT9oJpxwbP
165,"When We Were Young",Adele,5928997,https://open.spotify.com/track/6O5TrlFWTYvznd9fMC0VvU
166,"Bohemian Rhapsody - Remastered 2011",Queen,5903399,https://open.spotify.com/track/4u7EnebtmKWzUH433cf5Qv
167,"All Night Parking (with Erroll Garner) Interlude",Adele,5860213,https://open.spotify.com/track/496vIKS2INz840xZaKncvR
168,"In Da Getto","J Balvin",5841743,https://open.spotify.com/track/1q0PYXTbDsirp2l74ng6pn
169,"you broke me first","Tate McRae",5835672,https://open.spotify.com/track/45bE4HXI0AwGZXfZtMp8JR
170,"Why'd You Only Call Me When You're High?","Arctic Monkeys",5830411,https://open.spotify.com/track/48q0vSHcJdhK3IiXH8C5WJ
171,"Without Me",Eminem,5829254,https://open.spotify.com/track/7lQ8MOhq6IN2w8EYcFNSUk
172,"Friday (feat. Mufasa & Hypeman) - Dopamine Re-Edit",Riton,5823725,https://open.spotify.com/track/4cG7HUWYHBV6R6tHn1gxrl
173,"edamame (feat. Rich Brian)",bbno$,5804321,https://open.spotify.com/track/5rW7qTn83sCKtqBoneJs63
174,Falling,"Harry Styles",5785269,https://open.spotify.com/track/1ZMiCix7XSAbfAJlEZWMCp
175,"Heartbreak Anniversary",Giveon,5779540,https://open.spotify.com/track/3FAJ6O0NOHQV8Mc5Ri6ENp
176,"feel like shit","Tate McRae",5769218,https://open.spotify.com/track/2EBnvom1dTybtm75a3Xh1T
177,"Smells Like Teen Spirit - Remastered",Nirvana,5758301,https://open.spotify.com/track/0gucTLf7trAf37Ua1uAyAu
178,"Jugaste y Sufrí","Eslabon Armado",5722317,https://open.spotify.com/track/3NqBxTOMCJ3zW9CIP51td4
179,"Red (Taylor's Version)","Taylor Swift",5702107,https://open.spotify.com/track/4OAuvHryIVv4kMDNSLuPt6
180,"All of Me","John Legend",5700848,https://open.spotify.com/track/3U4isOIWM3VvDubwSI3y7a
181,Arcade,"Duncan Laurence",5700810,https://open.spotify.com/track/1J14CdDAvBTE1AJYUOwl6C
182,"Una Vaina Loca",Fuego,5694995,https://open.spotify.com/track/2qEoAz0i6yEz5dPggABcLH
183,"favorite crime","Olivia Rodrigo",5692150,https://open.spotify.com/track/5JCoSi02qi3jJeHdZXMmR8
184,"Coração Cachorro","Avine Vinny",5680235,https://open.spotify.com/track/2RGIuYTsyyHoOCqW0krvNE
185,"Leave Before You Love Me (with Jonas Brothers)",Marshmello,5663331,https://open.spotify.com/track/4qu63nuBpdn0qHUHuObEj1
186,"Say You Won't Let Go","James Arthur",5627304,https://open.spotify.com/track/5uCax9HTNlzGybIStD3vDh
187,"The Nights",Avicii,5620593,https://open.spotify.com/track/0ct6r3EGTcMLPtrXHDvVjc
188,"Love In The Dark",Adele,5606219,https://open.spotify.com/track/0DuWDLjriRPjDRoPgaCslY
189,"Talking to the Moon","Bruno Mars",5602666,https://open.spotify.com/track/161DnLWsx1i3u1JT05lzqU
190,"Pareja Del Año","Sebastian Yatra",5569527,https://open.spotify.com/track/2rCbl9naJYhaxjLsfx88uM
191,"Tiroteo - Remix","Marc Seguí",5547903,https://open.spotify.com/track/4OwhwvKESFtuu06dTgct7i
192,"abcdefu (angrier)",GAYLE,5544011,https://open.spotify.com/track/1EQFOouqdKYdpbNoOHRVO2
193,"Mr. Brightside","The Killers",5533395,https://open.spotify.com/track/003vvx7Niy0yvhvHt4a68B
194,"The Real Slim Shady",Eminem,5525312,https://open.spotify.com/track/3yfqSUWxFvZELEM4PmlwIR
195,telepatía,"Kali Uchis",5519916,https://open.spotify.com/track/6tDDoYIxWvMLTdKpjFkc1B
196,Miénteme,TINI,5510231,https://open.spotify.com/track/0cOa970mzTWAxKtltpkpLc
197,"Jocelyn Flores",XXXTENTACION,5501607,https://open.spotify.com/track/7m9OqQk4RVRkw9JJdeAw96
198,"Counting Stars",OneRepublic,5493142,https://open.spotify.com/track/2tpWsVSb9UEmDRxAl1zhX1
199,"Die For You","The Weeknd",5492516,https://open.spotify.com/track/2LBqCSwhJGcFQeTHMVGwy3
200,"Toma Toma Vapo Vapo","Zé Felipe",5484939,https://open.spotify.com/track/5VTjBl3ddZEiG2LrH4VzyR
