,,,"Note that these figures are generated using a formula that protects against any artificial inflation of chart positions.",
Position,"Track Name",Artist,Streams,URL
1,"STAY (with Justin Bieber)","The Kid LAROI",55885730,https://open.spotify.com/track/5PjdY0CKGZdEuoNab3yDmX
2,"INDUSTRY BABY (feat. Jack Harlow)","Lil Nas X",47510601,https://open.spotify.com/track/5Z9KJZvQzH6PFmb8SNkxuk
3,"My Universe",Coldplay,32790116,https://open.spotify.com/track/3FeVmId7tL5YN8B7R3imoM
4,"Heat Waves","Glass Animals",31067813,https://open.spotify.com/track/02MWAaffLxlfxAUY7c5dvx
5,Pepas,Farruko,29289287,https://open.spotify.com/track/5fwSHlTEWpluwOM0Sxnh5k
6,"Bad Habits","Ed Sheeran",29024050,https://open.spotify.com/track/6PQ88X9TkUIAUIZJHW2upE
7,Woman,"Doja Cat",27995514,https://open.spotify.com/track/6Uj1ctrBOjOas8xZXGqKk4
8,Shivers,"Ed Sheeran",26022703,https://open.spotify.com/track/75MNhvTCCKsST3YqqUiU9r
9,"THATS WHAT I WANT","Lil Nas X",25839821,https://open.spotify.com/track/0e8nrvls4Qqv5Rfa2UhqmO
10,Beggin',Måneskin,24387323,https://open.spotify.com/track/3Wrjm47oTz2sjIgck11l5e
11,"good 4 u","Olivia Rodrigo",23551560,https://open.spotify.com/track/4ZtFanR9U6ndgddUvNcjcG
12,"MONTERO (Call Me By Your Name)","Lil Nas X",23544094,https://open.spotify.com/track/1SC5rEoYDGUK4NfG82494W
13,"Way 2 Sexy (with Future & Young Thug)",Drake,20625145,https://open.spotify.com/track/0k1WUmIRnG3xU6fvvDVfRG
14,"Need to Know","Doja Cat",20494448,https://open.spotify.com/track/3Vi5XqYrmQgOYBajMWSvCi
15,"Happier Than Ever","Billie Eilish",19975909,https://open.spotify.com/track/4RVwu0g32PAqgUiJoXsdF8
16,"love nwantiti (ah ah ah)",CKay,19974579,https://open.spotify.com/track/2Xr1dTzJee307rmrkt8c0g
17,"Cold Heart - PNAU Remix","Elton John",19485554,https://open.spotify.com/track/6zSpb8dQRaw0M1dK8PBwQz
18,"Life Goes On","Oliver Tree",19268564,https://open.spotify.com/track/0eu4C55hL6x29mmeAjytzC
19,"Kiss Me More (feat. SZA)","Doja Cat",18642369,https://open.spotify.com/track/3DarAbFujv6eYNliUTyqtz
20,"Fair Trade (with Travis Scott)",Drake,16714273,https://open.spotify.com/track/40iJIUlhi6renaREYGeIDS
21,"love nwantiti (feat. Dj Yo! & AX'EL) - Remix",CKay,16305632,https://open.spotify.com/track/4gvrJnKCKIPiacNsWVQwEU
22,Yonaguni,"Bad Bunny",16199560,https://open.spotify.com/track/2JPLbjOn0wPCngEot2STUS
23,"Todo De Ti","Rauw Alejandro",15778535,https://open.spotify.com/track/5RwV8BvLfX5injfqYodke9
24,"Knife Talk (with 21 Savage ft. Project Pat)",Drake,15077355,https://open.spotify.com/track/2BcMwX1MPV6ZHP4tUT9uq6
25,Volví,Aventura,15058863,https://open.spotify.com/track/2vmfvSoZBFAt9hhRoEByLi
26,traitor,"Olivia Rodrigo",14875224,https://open.spotify.com/track/5CZ40GBx1sQ9agT82CLQCT
27,"Levitating (feat. DaBaby)","Dua Lipa",14800239,https://open.spotify.com/track/5nujrmhLynf4yMoMtj8AQF
28,LALISA,LISA,14488602,https://open.spotify.com/track/7uQZVznj0uQOGC9KhV2Mg6
29,"In Da Getto","J Balvin",14189564,https://open.spotify.com/track/1q0PYXTbDsirp2l74ng6pn
30,"Peaches (feat. Daniel Caesar & Giveon)","Justin Bieber",13613633,https://open.spotify.com/track/4iJyoBOLtHqaGxP12qzhQI
31,MONEY,LISA,13545135,https://open.spotify.com/track/7hU3IHwjX150XLoTVmjD0q
32,"Take My Breath - Single Version","The Weeknd",13244817,https://open.spotify.com/track/6M3PsepEj5gyJoIi7Xvr7u
33,"Meet Me At Our Spot","THE ANXIETY",13161436,https://open.spotify.com/track/07MDkzWARZaLEdKxo6yArG
34,"Qué Más Pues?","J Balvin",12845957,https://open.spotify.com/track/6D2TCm4nf5nxAcdGJ7w3QP
35,"Blinding Lights","The Weeknd",12810321,https://open.spotify.com/track/0VjIjW4GlUZAMYd2vXMi3b
36,"Girls Want Girls (with Lil Baby)",Drake,12790468,https://open.spotify.com/track/37Nqx7iavZpotJSDXZWbJ3
37,Hurricane,"Kanye West",12717295,https://open.spotify.com/track/0RbW8kWozrVSIGb4V13o0o
38,"I WANNA BE YOUR SLAVE",Måneskin,12345473,https://open.spotify.com/track/4pt5fDVTg5GhEvEtlz9dKk
39,Butter,BTS,12286136,https://open.spotify.com/track/2bgTY4UwhfBYhGT4HUYStN
40,"Save Your Tears (with Ariana Grande) (Remix)","The Weeknd",12206040,https://open.spotify.com/track/37BZB0z9T8Xu7U3e65qxFy
41,"drivers license","Olivia Rodrigo",11602712,https://open.spotify.com/track/5wANPM4fQCJwkGd4rN57mH
42,"Don't Be Shy",Tiësto,11587692,https://open.spotify.com/track/0bI7K9Becu2dtXK1Q3cZNB
43,2055,"Sleepy Hallow",11579376,https://open.spotify.com/track/4XvcHTUfIlWfyJTRG0aqlo
44,"Wildest Dreams (Taylor's Version)","Taylor Swift",11464000,https://open.spotify.com/track/1Ov37jtRQ2YNAe8HzfczkL
45,"Ley Seca","Jhay Cortez",11418146,https://open.spotify.com/track/3JCaq3KDSROg3TXhdiDa9n
46,Cúrame,"Rauw Alejandro",11345113,https://open.spotify.com/track/3PwRuzdphgedcWVUOVYJ7I
47,"Get Into It (Yuh)","Doja Cat",10881176,https://open.spotify.com/track/0W6I02J9xcqK8MtSeosEXb
48,"Where Are You Now","Lost Frequencies",10746236,https://open.spotify.com/track/3uUuGVFu1V7jTQL60S1r8z
49,Sobrio,Maluma,10645133,https://open.spotify.com/track/4HzqWEdAbzcVFDv0pvxV4w
50,"AM Remix","Nio Garcia",10482746,https://open.spotify.com/track/05bfbizlM5AX6Mf1RRyMho
51,"Volando - Remix",Mora,10364052,https://open.spotify.com/track/0G2zPzWqVjR68iNPmx2TBe
52,"deja vu","Olivia Rodrigo",10335435,https://open.spotify.com/track/6HU7h9RYOaPRFeh0R3UeAr
53,"Permission to Dance",BTS,10333834,https://open.spotify.com/track/5eXBXreN3d1zdj6Sa8dS0u
54,"OUT OUT (feat. Charli XCX & Saweetie)","Joel Corry",10206267,https://open.spotify.com/track/6Dy1jexKYriXAVG6evyUTJ
55,París,Ingratax,9964005,https://open.spotify.com/track/4bF2y8rR7GUjrd5LNEvej3
56,"family ties (with Kendrick Lamar)","Baby Keem",9900093,https://open.spotify.com/track/3QFInJAm9eyaho5vBzxInN
57,"Don't Go Yet","Camila Cabello",9587759,https://open.spotify.com/track/1058fW9H3fZA6QjYCdOBad
58,"Watermelon Sugar","Harry Styles",9566164,https://open.spotify.com/track/6UelLqGlWMcVH1E5c4H7lY
59,"Sweater Weather","The Neighbourhood",9268765,https://open.spotify.com/track/2QjOHCTQ1Jl3zawyYOpxh6
60,DÁKITI,"Bad Bunny",9153046,https://open.spotify.com/track/4MzXwWMhyBbmu6hOcLVD49
61,"Leave The Door Open","Bruno Mars",8999268,https://open.spotify.com/track/7MAibcTli4IisCtbHKrGMh
62,Nostálgico,Rvssian,8890732,https://open.spotify.com/track/2BEcap3xJtmiPaHKyfQi4e
63,"Like I Can","Sam Smith",8824618,https://open.spotify.com/track/0mJBiaODgK0XjOLCN5fItq
64,"Entre Nosotros","Tiago PZK",8763558,https://open.spotify.com/track/6w8yBI2vthyN9UnwO4UBWb
65,happier,"Olivia Rodrigo",8748754,https://open.spotify.com/track/2tGvwE8GcFKwNdAXMnlbfl
66,"Love Tonight - Edit",Shouse,8735579,https://open.spotify.com/track/6OufwUcCqo81guU2jAlDVP
67,"Mood (feat. iann dior)",24kGoldn,8723444,https://open.spotify.com/track/4jPy3l0RUwlUI9T5XHBW2m
68,Dynamite,BTS,8719388,https://open.spotify.com/track/4saklk6nie3yiGePpBwUoc
69,"Una Nota","J Balvin",8680859,https://open.spotify.com/track/7iqOIHHEmu6Vhw25GgQ2eA
70,"Dark Red","Steve Lacy",8637286,https://open.spotify.com/track/37y7iDayfwm3WXn5BiAoRk
71,Freaks,"Surf Curse",8229013,https://open.spotify.com/track/7EkWXAI1wn8Ii883ecd9xr
72,"Someone You Loved","Lewis Capaldi",8198902,https://open.spotify.com/track/7qEHsqek33rTcFNT9PFqLf
73,"Leave Before You Love Me (with Jonas Brothers)",Marshmello,8184031,https://open.spotify.com/track/4qu63nuBpdn0qHUHuObEj1
74,"Don't Start Now","Dua Lipa",8140242,https://open.spotify.com/track/3PfIrDoz19wz7qK7tYeu62
75,Bored,"Billie Eilish",8136788,https://open.spotify.com/track/04sN26COy28wTXYj3dMoiZ
76,Miénteme,TINI,7982451,https://open.spotify.com/track/0cOa970mzTWAxKtltpkpLc
77,"Pareja Del Año","Sebastian Yatra",7964933,https://open.spotify.com/track/2rCbl9naJYhaxjLsfx88uM
78,"I GUESS I'M IN LOVE","Clinton Kane",7895736,https://open.spotify.com/track/1is8gU4RVcN4J8xItxWoOY
79,"Friday (feat. Mufasa & Hypeman) - Dopamine Re-Edit",Riton,7823821,https://open.spotify.com/track/4cG7HUWYHBV6R6tHn1gxrl
80,"Tiroteo - Remix","Marc Seguí",7691845,https://open.spotify.com/track/4OwhwvKESFtuu06dTgct7i
81,"Astronaut In The Ocean","Masked Wolf",7683857,https://open.spotify.com/track/6E90gq0KO6FYZVOXx8kCcC
82,"edamame (feat. Rich Brian)",bbno$,7651389,https://open.spotify.com/track/1uMHCAyGmHqyygoNRuo7MV
83,"The Business",Tiësto,7608736,https://open.spotify.com/track/6f3Slt0GbA2bPZlz0aIFXN
84,"Your Heart","Joyner Lucas",7564368,https://open.spotify.com/track/2DTpP3caqX3QdJIEoS83mD
85,"jealousy, jealousy","Olivia Rodrigo",7417730,https://open.spotify.com/track/0MMyJUC3WNnFS1lit5pTjk
86,"Love Again","Dua Lipa",7406089,https://open.spotify.com/track/4rPkN1FMzQyFNP9cLUGIIB
87,"Ain't Shit","Doja Cat",7396316,https://open.spotify.com/track/5lAnYvAIkSDNXqfo7DyFUm
88,"Have Mercy",Chlöe,7362969,https://open.spotify.com/track/5SixeLvPsYpk7qq9lo5xYg
89,"lovely (with Khalid)","Billie Eilish",7341942,https://open.spotify.com/track/0u2P5u6lvoDfwTYjAADbn4
90,SEJODIOTO,"KAROL G",7311219,https://open.spotify.com/track/704LUEih663hiE3CnyUrFW
91,"favorite crime","Olivia Rodrigo",7279399,https://open.spotify.com/track/5JCoSi02qi3jJeHdZXMmR8
92,"911 - Remix",Sech,7276832,https://open.spotify.com/track/27RSJHEA99Y0Vsow7nA37A
93,Perfect,"Ed Sheeran",7254400,https://open.spotify.com/track/0tgVpDi06FyKpA1z0VMD4v
94,"Summer of Love (Shawn Mendes & Tainy)","Shawn Mendes",7193229,https://open.spotify.com/track/0z8hI3OPS8ADPWtoCjjLl6
95,"Save Your Tears","The Weeknd",7160013,https://open.spotify.com/track/5QO79kh1waicV47BqGRL3g
96,"Chosen (feat. Ty Dolla $ign)",Blxst,7146580,https://open.spotify.com/track/1dIWPXMX4kRHj6Dt2DStUQ
97,LOCO,ITZY,7089600,https://open.spotify.com/track/59c0HrzmHfyQs6LgDw5cHe
98,"Champagne Poetry",Drake,7082667,https://open.spotify.com/track/2HSmyk2qMN8WQjuGhaQgCk
99,"Happier Than Ever - Edit","Billie Eilish",7059035,https://open.spotify.com/track/32BeYxKPrig1LefHsC0Xuo
100,Moon,"Kanye West",6961937,https://open.spotify.com/track/2Rd4eJ4KwXQQn2sMSToyUM
101,Believer,"Imagine Dragons",6916676,https://open.spotify.com/track/0pqnGHJpmpxLKifKRmU6WP
102,Loco,"Justin Quiles",6907180,https://open.spotify.com/track/6b2HYgqcK9mvktt4GxAu72
103,"Arranhão - Ao Vivo","Henrique & Juliano",6835228,https://open.spotify.com/track/4u06FbRh6FvV2FQZkouzCw
104,"Before You Go","Lewis Capaldi",6811196,https://open.spotify.com/track/2gMXnyrvIjhVBUZwvLZDMP
105,positions,"Ariana Grande",6790804,https://open.spotify.com/track/35mvY5S1H3J2QZyna3TFe0
106,RAPSTAR,"Polo G",6781446,https://open.spotify.com/track/18vXApRmJSgQ6wG2ll9AOg
107,Circles,"Post Malone",6767623,https://open.spotify.com/track/21jGcNKet2qwijlDFuPiPb
108,"love nwantiti (feat. ElGrande Toto) - North African Remix",CKay,6728495,https://open.spotify.com/track/1EYeZGTMCjV7uVey5fNWXM
109,"Smells Like Teen Spirit",Nirvana,6708966,https://open.spotify.com/track/1f3yAtsJtY87CTmM8RLnxf
110,"Dance Monkey","Tones And I",6675021,https://open.spotify.com/track/2N8m6CYs74qQO4mjVcXO30
111,A-O-K,"Tai Verdes",6646235,https://open.spotify.com/track/1sx0XsWUusUoPstbvokZjP
112,"SCOOP (feat. Doja Cat)","Lil Nas X",6612963,https://open.spotify.com/track/6bpq1jGkVz66Q3LYeoXdjZ
113,"double take",dhruv,6593965,https://open.spotify.com/track/2CVChktEKBsM6v4IfdFU5k
114,Yellow,Coldplay,6501986,https://open.spotify.com/track/3AJwUDP919kvQ9QcozQPxg
115,"Sunflower - Spider-Man: Into the Spider-Verse","Post Malone",6474991,https://open.spotify.com/track/0RiRZpuVRbi7oqRdSMwhQY
116,"Shape of You","Ed Sheeran",6452401,https://open.spotify.com/track/7qiZfU4dY1lWllzX7mPBI3
117,"Heartbreak Anniversary",Giveon,6435773,https://open.spotify.com/track/3FAJ6O0NOHQV8Mc5Ri6ENp
118,telepatía,"Kali Uchis",6435163,https://open.spotify.com/track/6tDDoYIxWvMLTdKpjFkc1B
119,"...And to Those I Love, Thanks for Sticking Around",$uicideboy$,6429703,https://open.spotify.com/track/30QR0ndUdiiMQMA9g1PGCm
120,"Bala Love","Mc Anjim",6392025,https://open.spotify.com/track/48Ll1C6qAnP2UjnopQDh4a
121,"Off The Grid","Kanye West",6389969,https://open.spotify.com/track/2gbMPBrBVj3CuNTLp2dHYs
122,Arcade,"Duncan Laurence",6312555,https://open.spotify.com/track/1J14CdDAvBTE1AJYUOwl6C
123,"Poblado - Remix","J Balvin",6225584,https://open.spotify.com/track/2K1CQMoG2Dy5nmeOYnhoi8
124,"too easy",Gunna,6182823,https://open.spotify.com/track/4eL3XeuGaEoVT8ttDh3hwY
125,Heather,"Conan Gray",6179175,https://open.spotify.com/track/4xqrdfXkTW4T0RauPLv3WA
126,Levitating,"Dua Lipa",6099427,https://open.spotify.com/track/39LLxExYz6ewLAcYrzQQyP
127,"Bohemian Rhapsody - Remastered 2011",Queen,6065795,https://open.spotify.com/track/4u7EnebtmKWzUH433cf5Qv
128,"A La Antigüita","Calibre 50",6040636,https://open.spotify.com/track/798ahLNEcoFER7Vywg1FMT
129,"you broke me first","Tate McRae",6034788,https://open.spotify.com/track/45bE4HXI0AwGZXfZtMp8JR
130,"Daddy Issues","The Neighbourhood",6022842,https://open.spotify.com/track/5E30LdtzQTGqRvNd7l6kG5
131,"You Right","Doja Cat",5931113,https://open.spotify.com/track/0k4d5YPDr1r7FX77VdqWez
132,"Jugaste y Sufrí","Eslabon Armado",5902957,https://open.spotify.com/track/3NqBxTOMCJ3zW9CIP51td4
133,"WITHOUT YOU","The Kid LAROI",5879073,https://open.spotify.com/track/27OeeYzk6klgBh83TSvGMA
134,Señorita,"Shawn Mendes",5872202,https://open.spotify.com/track/6v3KW9xbzN5yKLt9YKDYA2
135,"The Real Slim Shady",Eminem,5844486,https://open.spotify.com/track/3yfqSUWxFvZELEM4PmlwIR
136,"Mon Amour - Remix",zzoilo,5818772,https://open.spotify.com/track/5TMLavqGRKNxgzMBrVpC9R
137,"Gangsta's Paradise",Coolio,5814634,https://open.spotify.com/track/7lQWRAjyhTpCWFC0jmclT4
138,"Raataan Lambiyan (From ""Shershaah"")","Tanishk Bagchi",5813591,https://open.spotify.com/track/2rOnSn2piaqLAlYjtfUBlY
139,"Lemonade (feat. Gunna, Don Toliver & NAV)","Internet Money",5787674,https://open.spotify.com/track/7hxHWCCAIIxFLCzvDgnQHX
140,"Head & Heart (feat. MNEK)","Joel Corry",5781914,https://open.spotify.com/track/6cx06DFPPHchuUAcTxznu9
141,"Meu Pedaço de Pecado","João Gomes",5781468,https://open.spotify.com/track/2kJRlOyrxsy7Ot3c5TZ8Q6
142,"Counting Stars",OneRepublic,5780875,https://open.spotify.com/track/2tpWsVSb9UEmDRxAl1zhX1
143,"The Nights",Avicii,5764262,https://open.spotify.com/track/0ct6r3EGTcMLPtrXHDvVjc
144,"Ela e Ela","Zé Neto & Cristiano",5759898,https://open.spotify.com/track/5Yu1AOnIzC1tWRJ4U0uW7u
145,Dandelions,"Ruth B.",5734900,https://open.spotify.com/track/2eAvDnpXP5W0cVtiI0PUxV
146,"ALMAS GEMELAS","Myke Towers",5719256,https://open.spotify.com/track/2KcNrONbZ0hvBPjvrDO2tx
147,"Você Beberia Ou Não Beberia?","Zé Neto & Cristiano",5719042,https://open.spotify.com/track/4P7IXYPAkinTdZrBF5bGWp
148,"Quer Voar",Matuê,5714332,https://open.spotify.com/track/7aZusA4cWXz3Wv9e9uhavz
149,"Talking to the Moon","Bruno Mars",5710496,https://open.spotify.com/track/161DnLWsx1i3u1JT05lzqU
150,"Butter (Megan Thee Stallion Remix)",BTS,5703140,https://open.spotify.com/track/3JR0ducCexKbeK47g6AHm5
151,"Say You Won't Let Go","James Arthur",5699299,https://open.spotify.com/track/5uCax9HTNlzGybIStD3vDh
152,Shallow,"Lady Gaga",5678972,https://open.spotify.com/track/2VxeLyX666F8uXCJ0dZF8B
153,goosebumps,"Travis Scott",5676064,https://open.spotify.com/track/6gBFPUFcJLzWGx4lenP6h2
154,"Botella Tras Botella","Gera MX",5673821,https://open.spotify.com/track/2MnLkFqY9Rpg9s3Zv6ZJdK
155,Memories,"Maroon 5",5668382,https://open.spotify.com/track/4cktbXiXOapiLBMprHFErI
156,"Another Love","Tom Odell",5660310,https://open.spotify.com/track/7jtQIBanIiJOMS6RyCx6jZ
157,brutal,"Olivia Rodrigo",5656596,https://open.spotify.com/track/6SRsiMl7w1USE4mFqrOhHC
158,"Mr. Brightside","The Killers",5626831,https://open.spotify.com/track/003vvx7Niy0yvhvHt4a68B
159,"Take Me To Church",Hozier,5622520,https://open.spotify.com/track/3dYD57lRAUcMHufyqn9GcI
160,"Every Breath You Take","The Police",5615991,https://open.spotify.com/track/1JSTJqkT5qHq8MDJnJbRE1
161,"No Role Modelz","J. Cole",5613675,https://open.spotify.com/track/62vpWI1CHwFy7tMIcSStl8
162,Riptide,"Vance Joy",5573296,https://open.spotify.com/track/7yq4Qj7cqayVTp3FF9CWbm
163,"No Friends In The Industry",Drake,5565289,https://open.spotify.com/track/2tUL6dZf1mywCj5WvCPZw6
164,Run,OneRepublic,5562045,https://open.spotify.com/track/6KL88T4Ma4ABXqzgUoEwkd
165,"She Knows (feat. Amber Coffman & Cults)","J. Cole",5547220,https://open.spotify.com/track/0Fs9cdPDhptWEDJmiCbkEW
166,"Heartbreak Anthem (with David Guetta & Little Mix)",Galantis,5503955,https://open.spotify.com/track/5K6Ssv4Z3zRvxt0P6EKUAP
167,"Beautiful Mistakes (feat. Megan Thee Stallion)","Maroon 5",5488247,https://open.spotify.com/track/5zFglKYiknIxks8geR8rcL
168,"Goosebumps - Remix","Travis Scott",5443480,https://open.spotify.com/track/5uEYRdEIh9Bo4fpjDd4Na9
169,"7 rings","Ariana Grande",5426741,https://open.spotify.com/track/6ocbgoVGwYJhOv1GgI9NsF
170,2/Catorce,"Rauw Alejandro",5404280,https://open.spotify.com/track/0PwFN7vRvY80Hnkoew2x3f
171,"Here's Your Perfect","Jamie Miller",5389083,https://open.spotify.com/track/2aTKrdenCq5qBOoJPFdn4P
172,"Chega E Senta - Ao Vivo","John Amplificado",5388837,https://open.spotify.com/track/2ookQf9qP2qiBuNFnNXyfl
173,"bad guy","Billie Eilish",5383428,https://open.spotify.com/track/2Fxmhks0bxGSBdJ92vM42m
174,"Obsessed With You","Central Cee",5381038,https://open.spotify.com/track/4PYfFHKfjYz6dwAtZhBy1z
175,"Dreams - 2004 Remaster","Fleetwood Mac",5380811,https://open.spotify.com/track/0ofHAoxe9vBkTCp2UQIavz
176,"Wake Me Up",Avicii,5377017,https://open.spotify.com/track/0nrRP2bk19rLc0orkWPQk2
177,Loverboy,A-Wall,5355014,https://open.spotify.com/track/0qXP5fMhxGzxALOkXYUxfP
178,"All of Me","John Legend",5336586,https://open.spotify.com/track/3U4isOIWM3VvDubwSI3y7a
179,"Roses - Imanbek Remix","SAINt JHN",5328742,https://open.spotify.com/track/0zLCBJZSiELJf02ucPP9wb
180,"Jocelyn Flores",XXXTENTACION,5292411,https://open.spotify.com/track/7m9OqQk4RVRkw9JJdeAw96
181,"Ranjha (From ""Shershaah"")","Jasleen Royal",5281989,https://open.spotify.com/track/72zHuDxFQTjbL51qJQSA7j
182,"Wants and Needs (feat. Lil Baby)",Drake,5263075,https://open.spotify.com/track/65OVbaJR5O1RmwOQx0875b
183,"Adore You","Harry Styles",5260914,https://open.spotify.com/track/3jjujdWJ72nww5eGnfs2E7
184,"Never Going Home",Kungs,5252128,https://open.spotify.com/track/0xfMlIW8lS40qvpsUw1l0X
185,Hawái,Maluma,5213828,https://open.spotify.com/track/1yoMvmasuxZfqHEipJhRbp
186,"Sexo Virtual","Rauw Alejandro",5202781,https://open.spotify.com/track/0giiXonRhODYy4J1iy4Lb3
187,"Wow Wow (feat. Becky G)","Maria Becerra",5199617,https://open.spotify.com/track/4Yip3hds5IHyT7AqoNHfmX
188,"Lucid Dreams","Juice WRLD",5197568,https://open.spotify.com/track/285pBltuF7vW8TeWk8hdRR
189,September,"Earth, Wind & Fire",5191972,https://open.spotify.com/track/4f2GB5ZC7vOUYPAg69N2Xw
190,"Blank Space","Taylor Swift",5181671,https://open.spotify.com/track/1u8c2t2Cy7UBoG4ArRcF5g
191,Rasputin,Majestic,5178174,https://open.spotify.com/track/0b18g3G5spr4ZCkz7Y6Q0Q
192,"Nota de Repúdio - Ao Vivo","Gusttavo Lima",5170773,https://open.spotify.com/track/3agFBAMPiIvzfTh7a9Udm6
193,"Wildest Dreams","Taylor Swift",5170252,https://open.spotify.com/track/3fVnlF4pGqWI9flVENcT28
194,"Motley Crew","Post Malone",5154356,https://open.spotify.com/track/40uMIn2zJLAQhNXghRjBed
195,"Without Me",Eminem,5127066,https://open.spotify.com/track/7lQ8MOhq6IN2w8EYcFNSUk
196,"Hold On","Justin Bieber",5123926,https://open.spotify.com/track/1nahzW3kfMuwReTka28tH5
197,"Wonderwall - Remastered",Oasis,5061858,https://open.spotify.com/track/5qqabIl2vWzo9ApSC317sa
198,"Your Love (9PM)",ATB,5055761,https://open.spotify.com/track/5YaskwnGDZFDRipaqzbwQx
199,"Miss The Rage (feat. Playboi Carti)","Trippie Redd",5048295,https://open.spotify.com/track/5gZYpjakt37G3c58FKcQwJ
200,INFERNO,"Sub Urban",5024228,https://open.spotify.com/track/7aonAWn0J0AJ47ZU9WHCXC
