,,,"Note that these figures are generated using a formula that protects against any artificial inflation of chart positions.",
Position,"Track Name",Artist,Streams,URL
1,"All I Want for Christmas Is You","Mariah Carey",38691349,https://open.spotify.com/track/0bYg9bo50gSsH3LtXe2SQn
2,"Last Christmas",Wham!,33973886,https://open.spotify.com/track/2FRnf9qhLbvw8fu4IBXx78
3,"STAY (with Justin Bieber)","The Kid LAROI",30617364,https://open.spotify.com/track/5PjdY0CKGZdEuoNab3yDmX
4,abcdefu,GAYLE,30568173,https://open.spotify.com/track/4fouWK6XVHhzl78KzQ1UjL
5,"Rockin' Around The Christmas Tree","Brenda Lee",27687876,https://open.spotify.com/track/2EjXfH91m7f8HiJN1yQg97
6,"Jingle Bell Rock","Bobby Helms",27275884,https://open.spotify.com/track/7vQbuQcyTflfCIOu3Uzzya
7,"Easy On Me",Adele,26975375,https://open.spotify.com/track/46IZ0fSY2mpAiktS3KOqds
8,"It's Beginning to Look a Lot like Christmas","Michael Bublé",25811527,https://open.spotify.com/track/0lLdorYw7lVrJydTINhWdI
9,"INDUSTRY BABY (feat. Jack Harlow)","Lil Nas X",25461351,https://open.spotify.com/track/5Z9KJZvQzH6PFmb8SNkxuk
10,"Heat Waves","Glass Animals",25017314,https://open.spotify.com/track/02MWAaffLxlfxAUY7c5dvx
11,"Cold Heart - PNAU Remix","Elton John",24644667,https://open.spotify.com/track/7rglLriMNBPAyuJOMGwi39
12,"Enemy (with JID) - from the series Arcane League of Legends","Imagine Dragons",24296921,https://open.spotify.com/track/1r9xUipOqoNwggBpENDsvJ
13,"Santa Tell Me","Ariana Grande",23777493,https://open.spotify.com/track/0lizgQ7Qw35od7CYaoMBZb
14,"It's the Most Wonderful Time of the Year","Andy Williams",23084852,https://open.spotify.com/track/1IcR6RlgvDczfvoWJSSY2A
15,"Feliz Navidad","José Feliciano",21021159,https://open.spotify.com/track/3qCeq0rWK67SoBDgFd2sId
16,Snowman,Sia,20377814,https://open.spotify.com/track/7uoFMmxln0GPXQ0AcCBXRq
17,Shivers,"Ed Sheeran",19142831,https://open.spotify.com/track/50nfwKoDiSYg8zOCREWAm5
18,Pepas,Farruko,18914412,https://open.spotify.com/track/2B4GHvToeLTOBB4QLzW3Ni
19,"Sleigh Ride","The Ronettes",18046271,https://open.spotify.com/track/7fUYUcWy853HS8YJn0b3Sr
20,"Underneath the Tree","Kelly Clarkson",17929104,https://open.spotify.com/track/3nAp4IvdMPPWEH9uuXFFV5
21,"Do It To It",ACRAZE,17626697,https://open.spotify.com/track/20on25jryn53hWghthWWW3
22,"Driving Home for Christmas - 2019 Remaster","Chris Rea",17525227,https://open.spotify.com/track/27qAMKrDdKEs8HDXcvR24R
23,"Merry Christmas","Ed Sheeran",17521438,https://open.spotify.com/track/0aoUM0zcu0kCX7Cv7O939I
24,"Bad Habits","Ed Sheeran",17170966,https://open.spotify.com/track/3rmo8F54jFF8OgYsqTxm5d
25,Mistletoe,"Justin Bieber",17163650,https://open.spotify.com/track/7xapw9Oy21WpfEcib2ErSA
26,"Let It Snow! Let It Snow! Let It Snow! (with The B. Swanson Quartet)","Frank Sinatra",17068635,https://open.spotify.com/track/4kKdvXD0ez7jp1296JmAts
27,"Happy Xmas (War Is Over) - Remastered 2010","John Lennon",16766065,https://open.spotify.com/track/27RYrbL6S02LNVhDWVl38b
28,"Let It Snow! Let It Snow! Let It Snow!","Dean Martin",16426591,https://open.spotify.com/track/2uFaJJtFpPDc5Pa95XzTvg
29,Woman,"Doja Cat",16173466,https://open.spotify.com/track/6Uj1ctrBOjOas8xZXGqKk4
30,"Holly Jolly Christmas","Michael Bublé",16163538,https://open.spotify.com/track/6tjituizSxwSmBB5vtgHZE
31,"My Universe",Coldplay,15786918,https://open.spotify.com/track/46HNZY1i7O6jwTA7Slo2PI
32,"Wonderful Christmastime - Edited Version / Remastered 2011","Paul McCartney",15262622,https://open.spotify.com/track/1SV1fxF65n9NhRHp3KlBuu
33,"good 4 u","Olivia Rodrigo",14699371,https://open.spotify.com/track/4ZtFanR9U6ndgddUvNcjcG
34,"Merry Christmas Everyone","Shakin' Stevens",14101874,https://open.spotify.com/track/2TE4xW3ImvpltVU0cPcKUn
35,Infinity,"Jaymes Young",13947310,https://open.spotify.com/track/1SOClUWhOi8vHZYMz3GluK
36,"Do They Know It's Christmas? - 1984 Version","Band Aid",13532313,https://open.spotify.com/track/0247StOpd3AkeBQzANX4Zf
37,"Kiss Me More (feat. SZA)","Doja Cat",13271817,https://open.spotify.com/track/3DarAbFujv6eYNliUTyqtz
38,"MONTERO (Call Me By Your Name)","Lil Nas X",12860476,https://open.spotify.com/track/1SC5rEoYDGUK4NfG82494W
39,Yonaguni,"Bad Bunny",12700063,https://open.spotify.com/track/2JPLbjOn0wPCngEot2STUS
40,"A Holly Jolly Christmas - Single Version","Burl Ives",12671149,https://open.spotify.com/track/77khP2fIVhSW23NwxrRluh
41,"White Christmas","Bing Crosby",12499550,https://open.spotify.com/track/4so0Wek9Ig1p6CRCHuINwW
42,"Need to Know","Doja Cat",12474051,https://open.spotify.com/track/3Vi5XqYrmQgOYBajMWSvCi
43,"love nwantiti (ah ah ah)",CKay,12393143,https://open.spotify.com/track/2Xr1dTzJee307rmrkt8c0g
44,"The Christmas Song (Merry Christmas To You)","Nat King Cole",12237965,https://open.spotify.com/track/4PS1e8f2LvuTFgUs1Cn3ON
45,Beggin',Måneskin,12126734,https://open.spotify.com/track/3Wrjm47oTz2sjIgck11l5e
46,"Lo Siento BB:/ (with Bad Bunny & Julieta Venegas)",Tainy,12003477,https://open.spotify.com/track/4gzsuuZypVbxs0Af1LSZyB
47,"Blinding Lights","The Weeknd",11817139,https://open.spotify.com/track/0VjIjW4GlUZAMYd2vXMi3b
48,"All Too Well (10 Minute Version) (Taylor's Version) (From The Vault)","Taylor Swift",11803471,https://open.spotify.com/track/5enxwA8aAbwZbf5qCHORXi
49,MONEY,LISA,11779188,https://open.spotify.com/track/7hU3IHwjX150XLoTVmjD0q
50,Ghost,"Justin Bieber",11688739,https://open.spotify.com/track/6I3mqTwhRpn34SLVafSH7G
51,"It's Beginning to Look a Lot Like Christmas (with Mitchell Ayres & His Orchestra)","Perry Como",11223659,https://open.spotify.com/track/2pXpURmn6zC5ZYDMms6fwa
52,"THATS WHAT I WANT","Lil Nas X",11084810,https://open.spotify.com/track/0e8nrvls4Qqv5Rfa2UhqmO
53,"Where Are You Now","Lost Frequencies",10860786,https://open.spotify.com/track/3uUuGVFu1V7jTQL60S1r8z
54,Toxic,BoyWithUke,10728591,https://open.spotify.com/track/2gQPv5jvVPqU2a9HhMNO1v
55,"Happier Than Ever","Billie Eilish",10687597,https://open.spotify.com/track/4RVwu0g32PAqgUiJoXsdF8
56,"Levitating (feat. DaBaby)","Dua Lipa",10628941,https://open.spotify.com/track/5nujrmhLynf4yMoMtj8AQF
57,"Thank God It's Christmas - Non-Album Single",Queen,10495363,https://open.spotify.com/track/2xGO2UjzxeVQSIkyg98vck
58,"I Love You So","The Walters",10459993,https://open.spotify.com/track/4SqWKzw0CbA05TGszDgMlc
59,"Santa Claus Is Coming To Town","The Jackson 5",10407859,https://open.spotify.com/track/6a1hzBiTkgqTsDA0Xgfh9z
60,"Sweater Weather","The Neighbourhood",10405626,https://open.spotify.com/track/2QjOHCTQ1Jl3zawyYOpxh6
61,"Mon Amour - Remix",zzoilo,10362045,https://open.spotify.com/track/5TMLavqGRKNxgzMBrVpC9R
62,"Todo De Ti","Rauw Alejandro",10250254,https://open.spotify.com/track/3rdAz1fbUfZxYgaCviYhRo
63,traitor,"Olivia Rodrigo",10190120,https://open.spotify.com/track/5CZ40GBx1sQ9agT82CLQCT
64,"One Right Now (with The Weeknd)","Post Malone",10141910,https://open.spotify.com/track/00Blm7zeNqgYLPtW6zg8cj
65,"Christmas (Baby Please Come Home)","Darlene Love",10035075,https://open.spotify.com/track/47ohYW8e7dxCYn9qbUMBCI
66,"love nwantiti (feat. Dj Yo! & AX'EL) - Remix",CKay,10025247,https://open.spotify.com/track/4gvrJnKCKIPiacNsWVQwEU
67,"drivers license","Olivia Rodrigo",10010648,https://open.spotify.com/track/5wANPM4fQCJwkGd4rN57mH
68,"I Hate U",SZA,9907475,https://open.spotify.com/track/5dXWFMwD7I7zXsInONVl0H
69,"Step Into Christmas","Elton John",9891819,https://open.spotify.com/track/6sBWmE23q6xQHlnEZ8jYPT
70,"Jingle Bell Rock - Daryl's Version","Daryl Hall & John Oates",9758243,https://open.spotify.com/track/6pVW5LRWgeLaHudxauOTJU
71,"Smokin Out The Window","Bruno Mars",9556499,https://open.spotify.com/track/7sMBvZCSUl99bJLXZaLa0b
72,"Christmas (Baby Please Come Home)","Mariah Carey",9509594,https://open.spotify.com/track/3PIDciSFdrQxSQSihim3hN
73,Volví,Aventura,9496509,https://open.spotify.com/track/2vmfvSoZBFAt9hhRoEByLi
74,"Run Rudolph Run - Single Version","Chuck Berry",9486478,https://open.spotify.com/track/2pnPe4pJtq7689i5ydzvJJ
75,"My Only Wish (This Year)","Britney Spears",9453982,https://open.spotify.com/track/0YWUHZPJVg4iujddsJDwhM
76,"Fairytale of New York (feat. Kirsty MacColl)","The Pogues",9280598,https://open.spotify.com/track/3VTNVsTTu05dmTsVFrmGpK
77,"Oh My God",Adele,9173339,https://open.spotify.com/track/3Kkjo3cT83cw09VJyrLNwX
78,"Save Your Tears (with Ariana Grande) (Remix)","The Weeknd",9012800,https://open.spotify.com/track/37BZB0z9T8Xu7U3e65qxFy
79,DÁKITI,"Bad Bunny",8973801,https://open.spotify.com/track/4MzXwWMhyBbmu6hOcLVD49
80,"Peaches (feat. Daniel Caesar & Giveon)","Justin Bieber",8815291,https://open.spotify.com/track/4iJyoBOLtHqaGxP12qzhQI
81,"Vai Lá Em Casa Hoje","George Henrique & Rodrigo",8768734,https://open.spotify.com/track/1c4htMHiolERc0YJvZNdlc
82,"Jingle Bells - Remastered 1999","Frank Sinatra",8764932,https://open.spotify.com/track/4HEOgBHRCExyYVeTyrXsnL
83,Medallo,Blessd,8762403,https://open.spotify.com/track/6lX6l7OuA3qrnIRfdsr0dw
84,"Blue Christmas","Elvis Presley",8750169,https://open.spotify.com/track/3QiAAp20rPC3dcAtKtMaqQ
85,Nostálgico,Rvssian,8644389,https://open.spotify.com/track/2BEcap3xJtmiPaHKyfQi4e
86,"I AM WOMAN","Emmy Meli",8637880,https://open.spotify.com/track/3nOz1U41SZZ0N3fuUWr9nb
87,"The Motto",Tiësto,8620236,https://open.spotify.com/track/18asYwWugKjjsihZ0YvRxO
88,"You Make It Feel Like Christmas (feat. Blake Shelton)","Gwen Stefani",8485554,https://open.spotify.com/track/2OQ6a4CfUeYskpTTgyawyJ
89,"Sunflower - Spider-Man: Into the Spider-Verse","Post Malone",8434899,https://open.spotify.com/track/0RiRZpuVRbi7oqRdSMwhQY
90,"Have Yourself A Merry Little Christmas","Sam Smith",8377355,https://open.spotify.com/track/1Qi2wh8fFgDV7tl4Sj3f2K
91,"Santa Claus Is Comin' to Town - Live at C.W. Post College, Greenvale, NY - December 1975","Bruce Springsteen",8335761,https://open.spotify.com/track/6s2wpWPFPAgKg2LXxi1Oee
92,"Esqueça-Me Se For Capaz","Marília Mendonça",8335487,https://open.spotify.com/track/4qsOrxBv09HhNSpsgMRXdC
93,"It'll Be Okay","Shawn Mendes",8334603,https://open.spotify.com/track/2KnLkZ3z7PO3kgVGHGqDpD
94,"Life Goes On","Oliver Tree",8276252,https://open.spotify.com/track/0eu4C55hL6x29mmeAjytzC
95,"Tacones Rojos","Sebastian Yatra",8231723,https://open.spotify.com/track/0Be7sopyKMv8Y8npsUkax2
96,"Meet Me At Our Spot","THE ANXIETY",8138872,https://open.spotify.com/track/07MDkzWARZaLEdKxo6yArG
97,"Moth To A Flame (with The Weeknd)","Swedish House Mafia",8089827,https://open.spotify.com/track/2gpWyfu7eZ01zzncHpxOtA
98,"Baby, It's Cold Outside","Dean Martin",7963100,https://open.spotify.com/track/4MrfQL4TYQXJBlZYpAHTuE
99,"Santa Baby","Kylie Minogue",7888907,https://open.spotify.com/track/2SBr3MK1sdMs8IxdRcN6qz
100,"Christmas Tree",V,7827950,https://open.spotify.com/track/186NCtNk1tUYS7c2DxgJ7O
101,"Watermelon Sugar","Harry Styles",7802985,https://open.spotify.com/track/6UelLqGlWMcVH1E5c4H7lY
102,"Christmas Lights",Coldplay,7795825,https://open.spotify.com/track/4fzyvSu73BhGvi96p2zwjL
103,Desesperados,"Rauw Alejandro",7792833,https://open.spotify.com/track/6mmPpaltUZK7xjNlBPQQ0p
104,"Toma Toma Vapo Vapo","Zé Felipe",7772215,https://open.spotify.com/track/5VTjBl3ddZEiG2LrH4VzyR
105,"SAD GIRLZ LUV MONEY Remix (feat. Kali Uchis and Moliy)",Amaarae,7749692,https://open.spotify.com/track/09gysnJpfQ3ublBmJDfcEC
106,"Super Gremlin","Kodak Black",7687174,https://open.spotify.com/track/4A8cWXxKfIL3lAyUDzXbCF
107,"DANCE CRIP",Trueno,7633301,https://open.spotify.com/track/1kjs5eR4DMzyB0gm1Z8waV
108,"Arranhão - Ao Vivo","Henrique & Juliano",7524288,https://open.spotify.com/track/3IMLoeLerS7TMpKjxUgAhx
109,"Save Your Tears","The Weeknd",7520560,https://open.spotify.com/track/5QO79kh1waicV47BqGRL3g
110,"Leave The Door Open","Bruno Mars",7445876,https://open.spotify.com/track/1LPSkqVhWVRUkKE03YUkpB
111,Dynamite,BTS,7434623,https://open.spotify.com/track/5QDLhrAOJJdNAmCTJ8xMyW
112,"Volando - Remix",Mora,7402139,https://open.spotify.com/track/0G2zPzWqVjR68iNPmx2TBe
113,"Dark Red","Steve Lacy",7362459,https://open.spotify.com/track/37y7iDayfwm3WXn5BiAoRk
114,"Salimo de Noche","Tiago PZK",7359332,https://open.spotify.com/track/6P096SaOzrgGxs8NWOfX7M
115,"One More Sleep","Leona Lewis",7341672,https://open.spotify.com/track/78pn8k7RogKo2oxl0DyX6d
116,"deja vu","Olivia Rodrigo",7337576,https://open.spotify.com/track/6HU7h9RYOaPRFeh0R3UeAr
117,Believer,"Imagine Dragons",7320369,https://open.spotify.com/track/0pqnGHJpmpxLKifKRmU6WP
118,"Malvadão 3",Xamã,7317186,https://open.spotify.com/track/0NBgyml7T0IvUNbXIkcSpH
119,"We Don't Talk About Bruno","Carolina Gaitán - La Gaita",7315381,https://open.spotify.com/track/52xJxFP6TqMuO4Yt0eOkMz
120,"You Right","Doja Cat",7284102,https://open.spotify.com/track/0k4d5YPDr1r7FX77VdqWez
121,"Santa Claus Is Coming to Town","Michael Bublé",7271498,https://open.spotify.com/track/5Ber68jZ7ytegr2UISEdb7
122,Peru,"Fireboy DML",7247001,https://open.spotify.com/track/4hJhHbkhZFnxmWbAkZRoe0
123,"Don't Start Now","Dua Lipa",7220909,https://open.spotify.com/track/3PfIrDoz19wz7qK7tYeu62
124,"LA FAMA (with The Weeknd)",ROSALÍA,7206068,https://open.spotify.com/track/6dmXZ9B5HdFAyzHeTneYBK
125,"Someone You Loved","Lewis Capaldi",7157034,https://open.spotify.com/track/7qEHsqek33rTcFNT9PFqLf
126,"Santa, Can’t You Hear Me","Kelly Clarkson",7128285,https://open.spotify.com/track/2O3MQ6H3gjrIWDcpeTrikT
127,"Don't Be Shy",Tiësto,7114184,https://open.spotify.com/track/0bI7K9Becu2dtXK1Q3cZNB
128,"Santa Baby (with Henri René & His Orchestra)","Eartha Kitt",7100285,https://open.spotify.com/track/1foCxQtxBweJtZmdxhEHVO
129,"Please Come Home for Christmas - 2013 Remaster",Eagles,7053708,https://open.spotify.com/track/3QIoEi8Enr9uHffwInGIsC
130,Sobrio,Maluma,7048185,https://open.spotify.com/track/4HzqWEdAbzcVFDv0pvxV4w
131,"Better Days (NEIKED x Mae Muller x Polo G)",NEIKED,7048144,https://open.spotify.com/track/6f5ExP43esnvdKPddwKXJH
132,"Rudolph The Red-Nosed Reindeer","Dean Martin",7004373,https://open.spotify.com/track/2L9QLAhrvtP4EYg1lY0Tnw
133,Dandelions,"Ruth B.",6977168,https://open.spotify.com/track/2eAvDnpXP5W0cVtiI0PUxV
134,Ameaça,"Paulo Pires",6953630,https://open.spotify.com/track/4fSHADbZbhpZCT9oJpxwbP
135,Presepada,"Marília Mendonça",6946979,https://open.spotify.com/track/3YvE7uo4ffseBoJPh8IhHp
136,"White Christmas","Amy Grant",6836617,https://open.spotify.com/track/370oYn3s5EKu7ziUpMQQTr
137,"Mood (feat. iann dior)",24kGoldn,6739033,https://open.spotify.com/track/4jPy3l0RUwlUI9T5XHBW2m
138,"Joy To The World","Nat King Cole",6722890,https://open.spotify.com/track/1VuAamHM7P3VQQEXYGG3Uu
139,"Pope Is a Rockstar",SALES,6707089,https://open.spotify.com/track/0So2sgVa8aJiARPl2P29u2
140,"Carol of the Bells","Mykola Dmytrovych Leontovych",6638623,https://open.spotify.com/track/4tHqQMWSqmL6YjXwsqthDI
141,"Knife Talk (with 21 Savage ft. Project Pat)",Drake,6600460,https://open.spotify.com/track/2BcMwX1MPV6ZHP4tUT9uq6
142,"What Christmas Means To Me","Stevie Wonder",6597283,https://open.spotify.com/track/1V0qqWBbIWt8hlAjxTZedR
143,"Girl Of My Dreams (with SUGA of BTS)","Juice WRLD",6578939,https://open.spotify.com/track/7DF8lvLdV3htIbuTWpc7lR
144,"lovely (with Khalid)","Billie Eilish",6578916,https://open.spotify.com/track/0u2P5u6lvoDfwTYjAADbn4
145,ELEVEN,IVE,6481271,https://open.spotify.com/track/7n2FZQsaLb7ZRfRPfEeIvr
146,"Parada Louca","Mari Fernandez",6430964,https://open.spotify.com/track/72g37RoelSnovZakG5MwnF
147,"Qué Más Pues?","J Balvin",6415412,https://open.spotify.com/track/6D2TCm4nf5nxAcdGJ7w3QP
148,Cúrame,"Rauw Alejandro",6396831,https://open.spotify.com/track/1FlL8ycld6uVDDyhV7P5FA
149,"I Saw Mommy Kissing Santa Claus","The Jackson 5",6368277,https://open.spotify.com/track/3lkYS3iMpWMVpaJ0yJAFrJ
150,Bar,TINI,6351638,https://open.spotify.com/track/0lJE8f0lx8mUSfMyxeYpiC
151,"Rolling in the Deep",Adele,6343154,https://open.spotify.com/track/6IAZHEBUIGJ6NJKxxOBIEr
152,"I'll Be Home for Christmas","Michael Bublé",6337293,https://open.spotify.com/track/0tXPhc8LvM4dPvoRwI66XQ
153,"Bloqueado - Ao Vivo","Gusttavo Lima",6323308,https://open.spotify.com/track/6nkoWsFZeFt5dUdNmlIceh
154,Freaks,"Surf Curse",6306787,https://open.spotify.com/track/7EkWXAI1wn8Ii883ecd9xr
155,"Get Into It (Yuh)","Doja Cat",6304193,https://open.spotify.com/track/0W6I02J9xcqK8MtSeosEXb
156,"Winter Wonderland","Tony Bennett",6295495,https://open.spotify.com/track/1yxcKrEcxt4O03IIC25yHk
157,"Little Saint Nick - 1991 Remix","The Beach Boys",6287130,https://open.spotify.com/track/5xlS0QkVrSH7ssEbBgBzbM
158,Butter,BTS,6261110,https://open.spotify.com/track/1mWdTewIgB3gtBM3TOSFhB
159,GALOPA,"PEDRO SAMPAIO",6259045,https://open.spotify.com/track/2wG1R0uDFwyobcWzVssC1J
160,"Another Love","Tom Odell",6238773,https://open.spotify.com/track/7jtQIBanIiJOMS6RyCx6jZ
161,2055,"Sleepy Hallow",6231302,https://open.spotify.com/track/4XvcHTUfIlWfyJTRG0aqlo
162,Perfect,"Ed Sheeran",6199513,https://open.spotify.com/track/0tgVpDi06FyKpA1z0VMD4v
163,"AM Remix","Nio Garcia",6187560,https://open.spotify.com/track/05bfbizlM5AX6Mf1RRyMho
164,"The Feels",TWICE,6152907,https://open.spotify.com/track/1qE8DOtw7zdXHMgZm20eLM
165,"Ley Seca","Jhay Cortez",6108384,https://open.spotify.com/track/3JCaq3KDSROg3TXhdiDa9n
166,"Santa's Coming for Us",Sia,6106893,https://open.spotify.com/track/1N1ZpYUJc9fwrqk53FGgWv
167,"I WANNA BE YOUR SLAVE",Måneskin,6097942,https://open.spotify.com/track/4pt5fDVTg5GhEvEtlz9dKk
168,"Coração Cachorro","Avine Vinny",6087544,https://open.spotify.com/track/2RGIuYTsyyHoOCqW0krvNE
169,happier,"Olivia Rodrigo",6058760,https://open.spotify.com/track/2tGvwE8GcFKwNdAXMnlbfl
170,Heather,"Conan Gray",6050310,https://open.spotify.com/track/4xqrdfXkTW4T0RauPLv3WA
171,positions,"Ariana Grande",6034146,https://open.spotify.com/track/35mvY5S1H3J2QZyna3TFe0
172,"Broadway Girls (feat. Morgan Wallen)","Lil Durk",6008025,https://open.spotify.com/track/3DZ8dbKg4OTSSqGARvecYd
173,"Wandered To LA (with Justin Bieber)","Juice WRLD",6003506,https://open.spotify.com/track/1cA4wEmLkKlttS6N89LbJh
174,"Dance Monkey","Tones And I",5990044,https://open.spotify.com/track/2N8m6CYs74qQO4mjVcXO30
175,"I Wish It Could Be Christmas Everyday",Wizzard,5983441,https://open.spotify.com/track/1mH6tZC6iXIHPI6EixCwxw
176,"Astronaut In The Ocean","Masked Wolf",5976301,https://open.spotify.com/track/6E90gq0KO6FYZVOXx8kCcC
177,"The Business",Tiësto,5934888,https://open.spotify.com/track/6f3Slt0GbA2bPZlz0aIFXN
178,"Todo Mundo Menos Você","Marília Mendonça",5914736,https://open.spotify.com/track/053zWWZDziDJd3U94x8RuP
179,"Praise God","Kanye West",5911773,https://open.spotify.com/track/0WSEq9Ko4kFPt8yo3ICd6T
180,"Bohemian Rhapsody - Remastered 2011",Queen,5910354,https://open.spotify.com/track/4u7EnebtmKWzUH433cf5Qv
181,"Without Me",Eminem,5894906,https://open.spotify.com/track/7lQ8MOhq6IN2w8EYcFNSUk
182,Sky,"Playboi Carti",5885756,https://open.spotify.com/track/29TPjc8wxfz4XMn21O7VsZ
183,Yellow,Coldplay,5831871,https://open.spotify.com/track/3AJwUDP919kvQ9QcozQPxg
184,Acapulco,"Jason Derulo",5802541,https://open.spotify.com/track/3eJH2nAjvNXdmPfBkALiPZ
185,"Sleigh Ride","Ella Fitzgerald",5800025,https://open.spotify.com/track/4ukUoXLuFzMixyZyabSGc4
186,Miénteme,TINI,5799511,https://open.spotify.com/track/0cOa970mzTWAxKtltpkpLc
187,"Lucid Dreams","Juice WRLD",5790295,https://open.spotify.com/track/285pBltuF7vW8TeWk8hdRR
188,"A La Antigüita","Calibre 50",5785767,https://open.spotify.com/track/798ahLNEcoFER7Vywg1FMT
189,"Way 2 Sexy (with Future & Young Thug)",Drake,5784003,https://open.spotify.com/track/0k1WUmIRnG3xU6fvvDVfRG
190,"No Lie","Sean Paul",5782572,https://open.spotify.com/track/48QmG1dfvMuYLxMPt7KSRA
191,"Daddy Issues","The Neighbourhood",5756650,https://open.spotify.com/track/5E30LdtzQTGqRvNd7l6kG5
192,"Shape of You","Ed Sheeran",5741520,https://open.spotify.com/track/7qiZfU4dY1lWllzX7mPBI3
193,"Before You Go","Lewis Capaldi",5740953,https://open.spotify.com/track/2gMXnyrvIjhVBUZwvLZDMP
194,"Friday (feat. Mufasa & Hypeman) - Dopamine Re-Edit",Riton,5690240,https://open.spotify.com/track/4cG7HUWYHBV6R6tHn1gxrl
195,"Frosty The Snowman","Ella Fitzgerald",5684085,https://open.spotify.com/track/65irrLqfCMRiO3p87P4C0D
196,Circles,"Post Malone",5665497,https://open.spotify.com/track/21jGcNKet2qwijlDFuPiPb
197,"MIDDLE OF THE NIGHT","Elley Duhé",5658747,https://open.spotify.com/track/58HvfVOeJY7lUuCqF0m3ly
198,"The Nights",Avicii,5631220,https://open.spotify.com/track/0ct6r3EGTcMLPtrXHDvVjc
199,"Merry Xmas Everybody",Slade,5611874,https://open.spotify.com/track/4dBQWyoZmmgvFBlALGlqZi
200,"Mistletoe And Holly - Remastered 1999","Frank Sinatra",5595377,https://open.spotify.com/track/7faDzZnZYqTyYThx2sbHVQ
